商品标题,商品规格,单价
【缤润汇/鹿町堂】仅9.9元抢门市价23元A套餐：招牌吐司4选一，或门市价21元B套餐芒芒大爆榨/爆汁葡萄， 二选 一 ，更多美味~总有一款适合你安排！,鹿町堂:A:吐司四选一 ,9.9
【新街口】25元抢原价50元苏香食里美食广场全场通用卡一张（馋游记、蒸菜世家、鱼之乐纸包鱼、刘酥肉除外）种类丰富又美味总能“命中”你的心和胃~！,,25.0
【大行宫/执牛耳火锅自助】69元抢门市价118元单人自助，129元抢门市价236元双人自助。午晚通用，空前优惠，赶紧行动！快来抢购！！,自助:双人火锅自助,129.0
【下马坊地铁站4号口/5寸杨汁甘露爆浆蛋糕】19.9元抢门市价88元蛋糕一个，39.9元抢门市价188元蛋糕1份+满天星/桔梗/小雏菊随机小花束1束(颜色随机)，来花吖，鲜花蛋糕全都满足你，仪式感满满~,花吖:5寸杨汁甘露爆浆蛋糕1份 ,19.9
【新街口莱迪广场】仅19.9元抢原价28元老外的果子烤榴莲1份（约80g）烤制过的榴莲味道更加浓郁，千万不能错过~,,19.9
【龙眠大道地铁站】仅59.9元抢原价220元汉城山烤肉超值2-3人餐！5荤2素+海苔手握饭+柠檬水41扎！满满肉香福利，就等你来体验~,,59.9
【多店通用/穿巷蓉李记】19.9元抢门市价46元A：单人套餐，76元抢门市价134元B：2-3人餐，太划算了吧！赶紧下单~,穿巷蓉李记:A：酸辣粉或担担面（二选一） 韭香薄脆1份 孜然土豆1份 ,19.9
【全国包邮】仅199元抢原价550元纪梵希四宫格散粉，四种色号任选其一！四色融合，一步定格美颜~,,199.0
【驱蚊喷雾】9.9元抢门市价39.9元Soffell 驱蚊喷雾两瓶（橘子味、玫瑰味各一瓶） 30ml/瓶 ，泰国配方，持久驱蚊~,,9.9
【全国包邮】9.9元抢门市价39.9元，椰香小熊饼干整箱400克或沙琪玛400g（二选一），采用真材实料，香甜不腻，老少皆宜。,饼干沙琪玛: 葡萄沙琪玛400g ,9.9
【同曦万尚城】仅99元抢门市价489元巷口往事花胶鸡+烤串3-4人超值套餐，火锅和烧烤同时体验味觉上的双重满足，吃货们快来享受吧~！,,99.0
【两店通用】99元抢门市价349元颐品居2-3人套餐，羊骨锅+新鲜牛吊龙、嫩羊肉＋一片云羊肉以及各种丰富的菜品，满屏肉香，冲鸭~,,99.0
【新街口/明泰谷】128元抢价值308元双人套餐！纯血统泰国菜，用异域的味道唤醒沉睡的味蕾！,,128.0
【兰芝防晒隔离霜】仅88元抢原价139元韩国兰芝防晒隔离霜30ml，紫色/绿色二选一，好肌肤“隔”出来~快给肌肤穿上防护衣吧,色号:紫色 ,88.0
【老门东】仅22.9元抢原价56元张氏生煎特惠双人套餐：招牌小鱼锅贴1份+招牌铁板豆腐1份+橙意满满1杯+百香果满满1杯！丰盛的特色风味，你还等什么？,,22.9
【预售南京金鹰奇幻森林萌宠乐园】29元抢门市价59元“疯狂动物城”单人票，早鸟票，零距离撸遍蓝孔雀、鸟园、香猪、羊驼...超满足哦！,,29.0
【建邺区水西门大街】仅49.9元抢原价166元羊老爷烤鱼套餐/碳烤牛蛙套餐！清江鱼3斤/牛蛙1份+蔬菜四份＋椒盐花生＋蒜泥黄瓜＋大红虾4只！碳烤美味冲鸭~,套餐:烤鱼套餐,49.9
【全南京6店通用】仅38.8元抢原价488元付氏女子养发育发馆超值套餐！七个护理项目，男女不限哦！喊上周围有「秃头」危机的朋友好好去护理一下吧~,,38.8
【3号线新庄站】仅19.9元抢原价680元SAOK Club套餐！酒水一份+一份果盘+小吃一份+一扎橙汁！超嗨现场等你来~,,19.9
【三店通用】37.5元抢门市价43元发财铺网红脆皮五花肉一份，外酥里嫩、酥脆蓬松的脆皮五花肉，  小伙伴们可不要错过了哦！,,37.5
【迪奥烈艳蓝金口红】149元抢门市价330元迪奥烈艳蓝金口红六种热门色号可选！官方授权，保证正品支持专柜验货！买！不买不是仙女！,,149.0
【大行宫/执牛耳火锅自助】69元抢门市价118元单人自助，129元抢门市价236元双人自助。午晚通用，空前优惠，赶紧行动！快来抢购！！,自助:单人火锅自助 ,69.0
【缤润汇/鹿町堂】仅9.9元抢门市价23元A套餐：招牌吐司4选一，或门市价21元B套餐芒芒大爆榨/爆汁葡萄， 二选 一 ，更多美味~总有一款适合你安排！,鹿町堂:B:饮品二选一,9.9
【建邺乐基广场】仅78元抢原价1192元芝芯堂套餐！伏魔灸+中医乳腺疏通+扶阳肩颈理疗+五行能量排毒，超多项目一次满足！放松身体，悄悄变美~,,78.0
【秦淮区】仅19.9元抢门市价39元高压锅蒸汽生蚝10只，仅99元抢门市价240元双人餐，饕餮海鲜盛宴，手掌大的生蚝！,耗鲜生‘:A：生蚝套餐 ,19.9
【秦淮区】仅19.9元抢门市价39元高压锅蒸汽生蚝10只，仅99元抢门市价240元双人餐，饕餮海鲜盛宴，手掌大的生蚝！,耗鲜生‘:B:双人套餐,99.0
【新街口国际贸易中心】仅19.9元抢原价230元米兰音乐吧特惠A套餐：雪花纯生啤酒6瓶+2份小食，88元抢原价570元特惠B套餐：啤酒12瓶（3选一）+3份小食,套餐:特惠B套餐,88.0
【杨柳湖景区】仅25.9元抢原价49.9元瑞硕亲子农庄龙虾垂钓套餐，49.9元抢原价129元自然采摘教育套餐！超多亲子活动等你来玩哦~,套餐:自然采摘套餐,49.9
【限江浙沪皖包邮/京东专线配送】仅68元抢原价98元【阳山水蜜桃】4-5两8只装精品礼盒，80元抢原价118元5-6两8只装精品礼盒！珍稀早桃，邀请你一起感受最早的甜蜜,套餐:5-6两8只装精品礼盒,80.0
【限南京包邮/五香居】仅49.9元抢购门市价68元你好鸭组合套餐：鸭脖1盒＋鸭锁骨1盒＋豆干1盒，微辣口味老少皆宜，赶快抢购吧！！,,49.9
【新街口莱迪广场】仅8.8元抢原价17元8街壹号奶茶A套餐：凤梨养乐多一杯；17.8元抢原价34元B套餐：抹茶星冰乐一杯+四季春鲜牛乳一杯！一分价格！五星品质！十分治愈！快带上小伙伴一起来吧~,套餐:套餐A:凤梨养乐多 ,8.8
【三店通用/经络堂——点评网推荐五星好店】仅69元抢门市价680元A套餐：包含7种养生项目 仅79元抢门市价798元B套餐：A套餐+v品水润酵素洁面泡沫一瓶，去经络堂遇见更美的自己吧！,经络堂:A套餐,69.0
【南京全城包邮】76.9元抢原价128元君乐宝简.醇酸奶1箱/涨芝士啦酸奶1箱，老少皆宜！ ,,76.9
【慢面包/8店通用】仅35.9元抢原价65元九宫格甜品一盒！9块蛋糕、5种口味！精致的生活怎么能少了小蛋糕呢~,,35.9
【大行宫】仅68元抢门市价198元绿食居双人餐，仅99元抢门市价380元3-4人餐，吃淮扬菜！专属老南京人的餐厅~,绿食居:B:3-4人餐,99.0
【全国包邮】仅69.9元抢原价110元日本娜丽丝防晒喷雾2瓶装（90g/瓶）超多明星都在用，古力娜扎同款，快get起来吧~,,69.9
【中山东路】仅39元抢原价580元延龄牙科门诊套餐！深度口腔体检+进口超声波洁+进口喷砂+全口护釉抛光！让你的牙齿闪亮起来~,,39.0
【3号线浮桥站】仅68元抢门市价2940元美范美肤塑形套餐种项目任选，让您在变美的路上一去不复返！,,68.0
【中山路/艾尚天地】39.9元抢门市价112元三生糖水超值养生下午茶，约上好友，一起享受一下美味的下午茶，完美！,,39.9
【全国通用】仅9.9元抢原价199元有车云加油打折年卡一张！每年约可抵扣加油金额2000元！自由出行，加油其实很简单~,,9.9
【9店通用】26.9元抢原价58元-18°冰激凌套餐梦龙经典款+巧乐兹四个圈+索菲亚威化+可爱多经典款 +韩国进口宾格瑞+光明冰砖,,26.9
【应天大街/烧烤夜宵】仅19.8元抢原价94元羊小弟烧烤A套餐：3荤3素！118元抢原价237元B套餐：小龙虾3斤+5荤4素+扎啤1泡！美味烧烤、小龙虾都在这里等你~,套餐:B套餐,118.0
【全国包邮】9.9元抢门市价39.9元，椰香小熊饼干整箱400克或沙琪玛400g（二选一），采用真材实料，香甜不腻，老少皆宜。,饼干沙琪玛:椰香小熊饼干整箱400克,9.9
【大行宫】仅68元抢门市价198元绿食居双人餐，仅99元抢门市价380元3-4人餐，吃淮扬菜！专属老南京人的餐厅~,绿食居:A：双人餐 ,68.0
【应天大街/烧烤夜宵】仅19.8元抢原价94元羊小弟烧烤A套餐：3荤3素！118元抢原价237元B套餐：小龙虾3斤+5荤4素+扎啤1泡！美味烧烤、小龙虾都在这里等你~,套餐:A套餐 ,19.8
【夫子庙】仅24.9元抢原价76元乌衣巷小吃城南京特色小吃套餐！南京鸭血粉丝汤2份+金陵灌汤小笼包1份！,,24.9
【新街口莱迪广场】仅8.8元抢原价17元8街壹号奶茶A套餐：凤梨养乐多一杯；17.8元抢原价34元B套餐：抹茶星冰乐一杯+四季春鲜牛乳一杯！一分价格！五星品质！十分治愈！快带上小伙伴一起来吧~,套餐:套餐B:抹茶星冰乐 四季春鲜牛乳,17.8
【新街口】25元抢原价50元苏香食里美食广场全场通用卡一张（馋游记、鱼之乐纸包鱼、刘酥肉除外）种类丰富又美味总能“命中”你的心和胃~！,,25.0
【超值福利/潮流断货王】98元抢原价170元MAC魅可热门色号口红，不可错过的几只口红，显白又平价 ！火爆全宇宙的MAC口红，谁涂谁好看！ ,,98.0
【新街口国际贸易中心】仅19.9元抢原价230元米兰音乐吧特惠A套餐：雪花纯生啤酒6瓶+2份小食，88元抢原价570元特惠B套餐：啤酒12瓶（3选一）+3份小食,套餐:特惠A套餐 ,19.9
【三店通用/经络堂——点评网推荐五星好店】仅69元抢门市价680元A套餐：包含7种养生项目 仅79元抢门市价798元B套餐：A套餐+v品水润酵素洁面泡沫一瓶，去经络堂遇见更美的自己吧！,经络堂:B套餐,79.0
【江宁同曦鸣城】仅29.9元抢原价128元淓淓牛肉馆超值双人餐！锅底+特色卤味牛全套(5荤)+2素以及其他美味菜品！特色卤味等你来品尝哦~,,29.9
【汉中门大街】39.9元抢门市价398元LOUIS轻奢美容美体套餐，面部清洁补水，水氧活肤；芳香精油背部SPA；丝滑脱毛， 三选 二 精致女孩快快走起！~,,39.9
【两店通用】39.9元抢门市价1720元圣梦亲体美肤套餐，专业解决皮肤困惑，还你饱满水光肌~,,39.9
【建邺区水西门大街】仅49.9元抢原价166元羊老爷烤鱼套餐/碳烤牛蛙套餐！清江鱼3斤/牛蛙1份+蔬菜四份＋椒盐花生＋蒜泥黄瓜＋大红虾4只！碳烤美味冲鸭~,套餐:牛蛙套餐 ,49.9
【全国顺丰包邮】仅75元抢原价138元瑞小鲜原肉整切，调理牛排6片装(黑椒口味) 每片150g，送6份料包！让你在家就能享受高级西餐厅里的美味牛排~,,75.0
【仙鹤街】仅148元抢门市价498元清蒸大闸蟹10只（约3两每只）+蟹醋一瓶，仅99元抢门市价398元香辣蟹10只（约1.5两每只）+（素菜随机六选 四），可堂食可打包~快来抢购~！,螃蟹:A:清蒸大闸蟹 ,148.0
【太阳宫广场】仅9.9元抢门市价288元太阳宫潮艺夜市现场礼包，来畅聊潮流文化，吃喝美食， 玩转潮流，嗨翻现场！！,,9.9
【森林摩尔】仅59元抢购原价154元辣味颂双人套餐，锅底+牛蛙4只+嫩爽鸭血+娃娃菜+玫瑰冰粉2份+特制酸梅汁，香气四溢、辣而不燥~,,59.0
【42店通用/南京 镇江 马鞍山】9.9元抢原价60元特惠洗车套餐：标准洗车+安全检测+玻璃水；错过等一年！全国连锁！,,9.9
【仙鹤街】仅59.9元抢门市价188元食神龙虾5斤龙虾，仅99元抢门市价378元食神龙虾10斤龙虾，十三香、清水、香辣三选 一，可堂食可打包~快来抢购~！,龙虾:A：5斤龙虾 ,59.9
【仙鹤街】仅59.9元抢门市价188元食神龙虾5斤龙虾，仅99元抢门市价378元食神龙虾10斤龙虾，十三香、清水、香辣三选 一，可堂食可打包~快来抢购~！,龙虾:B:10斤龙虾,99.0
【仙鹤街】仅148元抢门市价498元清蒸大闸蟹10只（约3两每只）+蟹醋一瓶，仅99元抢门市价398元香辣蟹10只（约1.5两每只）+（素菜随机六选 四），可堂食可打包~快来抢购~！,螃蟹:B:香辣蟹,99.0
【汤山私汤温泉住宿】299元抢原价888元维也纳国际大酒店私汤房型！2人1晚私汤房型+双人早餐+2瓶饮料+果盘，周末不加价！超值优惠，让你尽情享受泡温泉的休闲惬意！,,299.0
【下马坊地铁口】仅88元抢门市价178元老厨人深海炖锅2人特惠套餐，7种炖锅可选， 川味海带丝+水煮花生米+米饭2份，特色炖锅，品种多样，健康营养。,,88.0
【全南京区域】仅69元抢门市价189元两台挂式空调清洗，南京小时候空调清洗免费上门，多步清洁，让您安心过个清爽舒服的夏天~！,,69.0
【两店通用】98元抢门市价284元1432德国花园餐厅特惠套餐，让您不飞德国吃正宗德餐，带着你的小伙伴快来打卡吧~,,98.0
【江浙沪包邮】无锡阳山水蜜桃88元抢门市价118元水蜜桃一箱，149元抢门市价230元水蜜桃两箱，规格6～7两，每箱8只装，新鲜，从每天一个阳山水蜜桃开始~,阳山水蜜桃:A：一箱水蜜桃 ,88.0
【大行宫地区】仅19.9元抢原价80元的知足堂养生会所超值采耳套餐！仅59元抢原价156元的知足堂养生会所超值足疗套餐！犒赏忙碌的你！不要太划算哦！,知足堂养生会所:A套餐,19.9
【全国通用】仅38元抢价值1000元寄居蟹旅行民宿体验卡！1间1晚或2晚入住网红民宿！全国70家精品民宿任你选，快来一次说走就走的旅行~,,38.0
【武定门/炽道串店】仅29.9元抢门市价88元特惠烧烤套餐，仅79元抢门市价198.5元超值2-3人烧烤套餐 ；心动不如行动， 快带着你的小伙伴来发掘美食吧~！,炽道串店:B：炽道串店超值2-3人烧烤套餐,79.0
【江宁义乌商贸城】仅29.9元抢原价38元青桔和木鱼网红糕点A套餐，2款人气糕点！仅49.9元抢原价81元B套餐，4款网红热销糕点！爱吃甜品的千万别错过~,套餐:A套餐：2款糕点 ,29.9
【江宁义乌商贸城】仅29.9元抢原价38元青桔和木鱼网红糕点A套餐，2款人气糕点！仅49.9元抢原价81元B套餐，4款网红热销糕点！爱吃甜品的千万别错过~,套餐:B套餐：4款糕点,49.9
【武定门/炽道串店】仅29.9元抢门市价88元特惠烧烤套餐，仅79元抢门市价198.5元超值2-3人烧烤套餐 ；心动不如行动， 快带着你的小伙伴来发掘美食吧~！,炽道串店:A：炽道串店特惠烧烤套餐 ,29.9
【大行宫地区】仅19.9元抢原价80元的知足堂养生会所超值采耳套餐！仅59元抢原价156元的知足堂养生会所超值足疗套餐！犒赏忙碌的你！不要太划算哦！,知足堂养生会所:B套餐,59.0
【全国包邮】仅29.9元抢原价49.9元小养夹心海苔6罐装！三种口味：炒米/南瓜子/巴旦木，每种口味2罐！开袋即食 想怎么吃就怎么吃 ~,,29.9
【玄武区钟鼎名悦】仅88元抢原价308元徒手餐厅超值3人餐！海鲜+鸡爪+配菜的干锅爱马仕+特色气泡鸡+蒜泥黄瓜+特调饮品2杯！快来享受海鲜盛宴吧~,,88.0
【玄武区/碑亭巷】仅29.9元抢原价72元源记潮汕砂锅粥A套餐：酸菜鱼+时蔬+米饭，79元抢原价209元B套餐：对虾&菜心砂锅粥+蒜蓉铁板虾+葱油饼+培根包菜,套餐:A套餐 ,29.9
【江宁/大塘金】仅9.9元抢门市价138元大塘金夜夏山城纳凉节早鸟票一张！49.9元抢138元通票一张！漫步天宫云端，享受梦幻灯光~,门票:早鸟票 ,9.9
预售【云海亲水汤城】仅59.9元抢原价138元单人门票+单人自助（午餐或晚餐任选一餐）！100多种美食，烤鸭/牛排/海鲜.......手慢即无宝宝千万别错过，这个夏天，就来云海过~,,59.9
【江宁/大塘金】仅9.9元抢门市价138元大塘金夜夏山城纳凉节早鸟票一张！49.9元抢138元通票一张！漫步天宫云端，享受梦幻灯光~,门票:通票,49.9
【德盈国际广场】新店开业钜惠！仅38元抢原价1340元L.SPA美容美甲套餐：小气泡+纯色美甲+脱毛一次+四肢疏通+肩颈按摩！五大项目，让你从头美到指尖~,,38.0
【玄武区/碑亭巷】仅29.9元抢原价72元源记潮汕砂锅粥A套餐：酸菜鱼+时蔬+米饭，79元抢原价209元B套餐：对虾&菜心砂锅粥+蒜蓉铁板虾+葱油饼+培根包菜,套餐:B套餐,79.0
预售【南京南站/海韵之星限时抢购】109元抢门市价218元海韵之星油轮单人船票+自助餐（一餐）+台湾美食，网红邮轮泳池， 更有免费不限量的咖啡/冰淇淋/小点心~，纯正的韩式汗蒸养生，一站式的休闲娱乐~！,,109.0
【江宁区金箔路/碉堡烤鱼】仅69元抢原价198元特惠2-3人餐，清江鱼一条约3斤+配菜4个+酸梅汁一扎+米饭2份！辛香麻辣的烤鱼，快约上朋友一起去~,,69.0
【应天大街，无需预约】78元抢门市价208元羊小弟火锅双人套餐~超值套餐，内容丰富，赶紧准备好你256G的胃约起来~ ,,78.0
【江浙沪包邮】无锡阳山水蜜桃88元抢门市价118元水蜜桃一箱，149元抢门市价230元水蜜桃两箱，规格6～7两，每箱8只装，新鲜，从每天一个阳山水蜜桃开始~,阳山水蜜桃:B：两箱水蜜桃,149.0
【江宁区金箔路/碉堡烤鱼】仅69元抢原价198元特惠2-3人餐，烤鱼一条约3斤+配菜4个+酸梅汁一扎+米饭2份！辛香麻辣的烤鱼，快约上朋友一起去~,,69.0
【直播间限时秒杀20份】仅24.9元抢原价38元青桔和木鱼网红糕点A套餐，2款人气糕点！仅44.9元抢原价81元B套餐，4款网红热销糕点！爱吃甜品的千万别错过~,套餐:B套餐：4款糕点,44.9
【直播间限时秒杀10份】仅28元抢价值1000元寄居蟹旅行民宿体验卡！1间1晚或2晚入住网红民宿！全国70家精品民宿任你选，快来一次说走就走的旅行~,,28.0
【直播间限时秒杀20份】仅24.9元抢原价38元青桔和木鱼网红糕点A套餐，2款人气糕点！仅44.9元抢原价81元B套餐，4款网红热销糕点！爱吃甜品的千万别错过~,套餐:A套餐：2款糕点 ,24.9
【直播间限时秒杀20份】仅54.9元抢门市价188元食神龙虾5斤龙虾，仅91元抢门市价378元食神龙虾10斤龙虾，十三香、清水、香辣三选 一，可堂食可打包~快来抢购~！,龙虾:A：5斤龙虾 ,54.9
【直播间限时秒杀30份】仅6.9元抢门市价138元大塘金夜夏山城纳凉节早鸟票一张！39.9元抢138元通票一张！漫步天宫云端，享受梦幻灯光~通票买一送一，下单后加客服微信17372756549领取赠票,门票:早鸟票 ,6.9
【直播间限时秒杀30份】仅14.9元 抢门市价22元圣代两个（北美蓝莓/冲绳黑糖 ）仅21.9元抢门市价33元老北京鸡肉卷两份，仅22.9元抢门市价38元大杯原味冰拿铁两杯。,肯德基1:B：老北京鸡肉卷*2,21.9
【直播间限时秒杀】84元抢门市价284元1432德国花园餐厅特惠套餐，让您不飞德国吃正宗德餐，带着你的小伙伴快来打卡吧~,,84.0
【新街口】仅24.9元抢原价75元瑭萃烘焙国风下午茶套餐！ 2个鲜果雪媚娘+2个红豆麻薯蛋黄酥+8颗葡萄酥！享受美味，从甜点开始~,,24.9
【直播间限时秒杀30份】仅14.9元 抢门市价22元圣代两个（北美蓝莓/冲绳黑糖 ）仅21.9元抢门市价33元老北京鸡肉卷两份，仅22.9元抢门市价38元大杯原味冰拿铁两杯。,肯德基1:A:  圣代*2 ,14.9
【直播间限时秒杀30份】仅6.9元抢门市价138元大塘金夜夏山城纳凉节早鸟票一张！39.9元抢138元通票一张！漫步天宫云端，享受梦幻灯光~通票买一送一，下单后加客服微信17372756549领取赠票,门票:通票,39.9
【直播间限时秒杀20份】仅54.9元抢门市价188元食神龙虾5斤龙虾，仅91元抢门市价378元食神龙虾10斤龙虾，十三香、清水、香辣三选 一，可堂食可打包~快来抢购~！,龙虾:B:10斤龙虾,91.0
【直播间限时秒杀30份】仅14.9元 抢门市价22元圣代两个（北美蓝莓/冲绳黑糖 ）仅21.9元抢门市价33元老北京鸡肉卷两份，仅22.9元抢门市价38元大杯原味冰拿铁两杯。,肯德基1:C:  大杯原味冰拿铁,22.9
【直播间限时秒杀20份】无锡阳山水蜜桃83元抢门市价118元水蜜桃一箱，144元抢门市价230元水蜜桃两箱，规格6～7两，每箱8只装，新鲜，从每天一个阳山水蜜桃开始~,阳山水蜜桃:A：一箱水蜜桃 ,83.0
【南京四店通用/云海肴】仅166元抢原价220.8元云海肴汽锅鸡1份+个旧烤猪蹄1份+黑三剁1份+小锅米线1份+米饭3份3人套餐！超值美味！盘它！来云海肴享云南美味吧~	,,166.0
【直播间限时秒杀20份】仅29.9元抢原价72元源记潮汕砂锅粥A套餐：酸菜鱼+时蔬+米饭，79元抢原价209元B套餐：对虾&菜心砂锅粥+蒜蓉铁板虾+葱油饼+培根包菜，下单B套餐赠送A套餐，加客服微信17372756549,套餐:B套餐,79.0
【南京不老村】69.9元抢门市价129元不老村道名啤酒花园烧烤星空套餐，吃烧烤看星空看电影，三五好友家人朋友欢乐不老村！,,69.9
【高淳金沙水城】仅19.9元抢原价39元单人浴资+简餐！泡澡+美食一站体验，快让自己来好好放松一下吧~,,19.9
【预售/银杏湖乐园】仅199元抢原价260元单人全园畅玩票！260元抢原价520元双人全园畅玩票！水世界+过山车+大摆锤+城堡漂流……一票全园全天畅玩~,套餐:单人全园畅玩票 ,199.0
【途居扬州房车露营地】仅299元抢门市价1599元途居扬州房车+水上乐园/烧烤架二选一特惠套餐，房车可住3人，水世界门票两张，超级划算！这个夏天来扬州体验不一样的旅行吧 ！,,299.0
【玄武区/碑亭巷】仅29.9元抢原价72元源记潮汕砂锅粥A套餐：酸菜鱼+时蔬+米饭，79元抢原价209元B套餐：对虾&菜心砂锅粥+蒜蓉铁板虾+葱油饼+培根包菜,,29.9
【江宁/大塘金】仅9.9元抢门市价138元大塘金夜夏山城纳凉节早鸟票一张！49.9元抢138元通票一张！漫步天宫云端，享受梦幻灯光~,,49.9
【KFC肯德基/全国通用】仅17.9元 抢门市价22元圣代两个（北美蓝莓/冲绳黑糖 ）仅24.9元抢门市价33元老北京鸡肉卷两份，仅25.9元抢门市价38元大杯原味冰拿铁两杯。,肯德基:C：大杯原味拿铁*2,25.9
【KFC肯德基/全国通用】仅17.9元 抢门市价22元圣代两个（北美蓝莓/冲绳黑糖 ）仅24.9元抢门市价33元老北京鸡肉卷两份，仅25.9元抢门市价38元大杯原味冰拿铁两杯。,肯德基:B：老北京鸡肉卷*2,24.9
【张府园地铁站】仅9.9元抢原价15元柒也家招牌手打虾滑1份，15.9元抢原价27元鸿运当头蟹柳1份+招牌手打虾滑1份，享受空口吃虾滑的快乐~,套餐:A：招牌手工虾滑1份 ,9.9
【KFC肯德基/全国通用】仅17.9元 抢门市价22元圣代两个（北美蓝莓/冲绳黑糖 ）仅24.9元抢门市价33元老北京鸡肉卷两份，仅25.9元抢门市价38元大杯原味冰拿铁两杯。,肯德基:A：圣代*2 ,17.9
【江宁义乌商贸城】仅29.9元抢原价38元青桔和木鱼网红糕点A套餐，2款人气糕点！仅49.9元抢原价81元B套餐，4款网红热销糕点！爱吃甜品的千万别错过~,,29.9
【枫彩漫城】仅39.9元抢原价180元2大1小亲子套餐，畅玩景区！百亩梦幻花海，还有超多娱乐尽在枫彩漫城等你~,,39.9
【茂业天地店/吾悦广场店/九霄梦天地店/江宁保利樾店】39.9元抢原价80元星轶影城电影票2张，2D/3D通用，Super神级影院！,,39.9
【全国包邮】仅13.9元抢原价36元北海道圆脆饼干一箱6袋装！口味4选1： 豆乳味、蔬菜味、牛乳味、海盐味，奶香十足，香脆可口，快来一袋尝尝~,,13.9
【KFC肯德基/全国通用】仅17.9元 抢门市价22元圣代两个（北美蓝莓 ）仅24.9元抢门市价33元老北京鸡肉卷两份，仅25.9元抢门市价38元大杯原味冰拿铁两杯。,肯德基:C：大杯原味拿铁*2,25.9
【KFC肯德基/全国通用】仅17.9元 抢门市价22元圣代两个（北美蓝莓 ）仅24.9元抢门市价33元老北京鸡肉卷两份，仅25.9元抢门市价38元大杯原味冰拿铁两杯。,肯德基:A：圣代*2 ,17.9
【张府园地铁站】仅9.9元抢原价15元柒也家招牌手打虾滑1份，15.9元抢原价27元鸿运当头蟹柳1份+招牌手打虾滑1份，享受空口吃虾滑的快乐~,套餐:B：鸿运当头蟹柳1份 招牌手工虾滑1份,15.9
【KFC肯德基/全国通用】仅17.9元 抢门市价22元圣代两个（北美蓝莓 ）仅24.9元抢门市价33元老北京鸡肉卷两份，仅25.9元抢门市价38元大杯原味冰拿铁两杯。,肯德基:B：老北京鸡肉卷*2,24.9
【中山北路乐业村】仅78元抢原价262元炒螺丝贵妇牛蛙2-3人餐：饮料+锅底+牛蛙+4素+螺丝+鸡翅！88元抢原价306元肚包鸡2-3人餐！超值美味，值得等待~,套餐:肚包鸡2-3人餐,88.0
【全国包邮】39.9元抢市场价69元南昌拌粉210克/7袋，秉承传统风味加入足足7种小料口感丰富，美味加倍,,39.9
【两店通用】仅99元抢原价314元青瓦醉巷火锅2-3人餐！奔驰锅底+6荤3素+饮料+水果自助！极具特色的四川火锅，辛香美味等你来尝~,,99.0
【江浙沪包邮】仅25.9元抢门市价60元土耳其发酵果子，雷神欧包，红豆手撕吐司，三选 二，清新低脂又健康，慢享生活，有时候我们是该放慢脚步， 品尝生活的原滋原味。,,25.9
【六合金牛湖野生动物王国】仅275元抢门市价299元超值亲子年卡！ 草原部落、激流峡湾、珍奇世界、 虎啸山林...八大主题任玩！包含小火车~,,275.0
【江宁/大塘金】仅49.9元抢138元大塘金通票一张！漫步天宫云端，享受梦幻灯光~,,49.9
【江浙沪124家门店通用|南京22家门店】仅88元抢原价175元 DQ冰激凌迷你90g装x5桶 ，99元抢原价178元分享400g装x2桶，四种口味任选,套餐:B：DQ冰激凌迷你90g装2桶 分享400g装1桶,88.0
【直播间限时秒杀10份/全国包邮】仅9.9元抢原价36元北海道圆脆饼干一箱6袋装！口味4选1： 豆乳味、蔬菜味、牛乳味、海盐味，奶香十足，香脆可口，快来一袋尝尝~,,9.9
【直播间限时秒杀10份】【江浙沪包邮】仅19.9元抢门市价60元土耳其发酵果子，雷神欧包，红豆手撕吐司，三选 二，清新低脂又健康，慢享生活，有时候我们是该放慢脚步， 品尝生活的原滋原味。,,19.9
【直播间限时秒杀10份】【42店通用/南京 镇江 马鞍山】6.9元抢原价60元特惠洗车套餐：标准洗车+安全检测+玻璃水；错过等一年！全国连锁！,,6.9
【直播限时秒杀10份】【张府园地铁站】9.9元抢原价27元鸿运当头蟹柳1份+招牌手打虾滑1份，再送原价15元柒也家招牌手打虾滑1份，享受空口吃虾滑的快乐~,,9.9
【直播间限时秒杀10份】【茂业天地店/吾悦广场店/九霄梦天地店/江宁保利樾店】29.9元抢原价80元星轶影城电影票2张，2D/3D通用，Super神级影院！,,29.9
【预售/银杏湖乐园】仅199元抢原价260元单人全园畅玩票！260元抢原价520元双人全园畅玩票！水世界+过山车+大摆锤+城堡漂流……一票全园全天畅玩~,套餐:双人全园畅玩票,260.0
【新街口|泰式按摩】仅58元抢原价188元泰留莲泰式半身按摩！99元抢原价338元泰式古方按摩，158元抢538元芳香SPA！缓解压力首选泰式按摩~,套餐:C套餐：芳香SPA,158.0
【天目湖】仅299元抢门市价720元成人票2张+5家酒店任选 1晚+双人早餐，走吧！小伙伴们！一起漂流去！！,,299.0
【全国100+精品酒店全年免费住】仅668元抢“任享无限次-免费住酒店”随处·畅住卡！全国有100多家精品酒店，不限次数！不限地区！不限房型！全年免费住~,,668.0
【江浙沪124家门店通用|南京22家门店】仅88元抢原价175元 DQ冰激凌迷你90g装x5桶 ，99元抢原价178元分享400g装x2桶，四种口味任选,套餐:C：DQ冰激凌分享400g装x2桶,99.0
【全国包邮】仅38.9元抢原价132.2元海鸭蛋黄辣酱一箱（80g*3瓶）精选散养海鸭鸭蛋，高山红泥精心腌制，给你最棒的美味~,,38.9
【新街口】仅59.9元抢门市价158元5寸DIY戚风蛋糕，充分发挥自己的想象力  去创作，给你的TA独一无二的生日蛋糕~,,59.9
【全国40店|南京1912店、珠江路金鹰店、江宁金鹰店通用】仅138元抢原价316元鹿港小镇三人餐！鹿港三杯鸡+秘制牛小腿肉+台式香肠+特调奶茶…海派风情，台式浪漫，尽在这里！,,138.0
【新街口|泰式按摩】仅58元抢原价188元泰留莲泰式半身按摩！99元抢原价338元泰式古方按摩，158元抢538元芳香SPA！缓解压力首选泰式按摩~,套餐:A套餐：泰式半身 ,58.0
【新街口|泰式按摩】仅58元抢原价188元泰留莲泰式半身按摩！99元抢原价338元泰式古方按摩，158元抢538元芳香SPA！缓解压力首选泰式按摩~,套餐:B套餐：泰式古方,99.0
【弘阳未来世界水世界】仅29.9元享门市价50元一大一小套票，水世界畅玩~清凉解暑，狂欢假期，遛娃圣地！,,29.9
【江宁区】109元享门市价279元牛尚鲜潮汕鲜牛肉2-3人火锅套餐，高钙牛骨原汤锅底、嫩肉、吊龙、匙柄、牛舌、五花腱，用简单的汤底还原牛肉本质的鲜香  让你重新认识这一份鲜牛肉,,109.0
【全国60多家民宿通用|免押金订房】仅888元抢原价1288元何所忆民宿卡！ 不限次数，不限房型，不限时间，无需押金！全国30城，莫干山/千岛湖/乌镇/苏州/无锡/宜兴/黄山等60家民宿一年免费住！,,888.0
【枫彩漫城/风情节狂欢！】仅9.9元抢原价90元1大1小亲子套餐，畅玩景区！百亩梦幻花海，还有超多娱乐尽在枫彩漫城等你~,,9.9
【全国包邮】仅9.9元抢原价29元佬食仁休闲零食！多味豌豆/夹心雪媚娘/沙琪玛 3选1！追剧、办公、闲暇时光必备零食~,,9.9
【禾食·鲍鱼鸡 河西万达】仅88元购门市价307元2~3人餐：农家走地鸡＋人参60g+美国肥牛＋手打牛肉滑＋菌菇拼盘＋娃娃菜＋冬瓜＋莴笋＋拉面＋奶黄包＋白茶乌龙，美容养颜，安排上~,,88.0
测试虚拟商品,,1.0
【3号线浮桥站】仅68元抢门市价1280元美范美肤塑形套餐六种项目项目任选两种，让您在变美的路上一去不复返！	,,68.0
【新街口】8.8元抢原价35元极爪爪招牌椒麻鸡胗+红椒麻豆皮，19.9元抢原价53元极爪爪招牌椒麻鸡胗+招牌麻椒鸡拐，鲜香麻辣安排上~,极爪爪:A套餐 ,8.8
【仅限江浙沪皖】89元抢原价198元澳领牛排A套餐：手工西冷牛排8片，139元抢原价358元B套餐：手工眼肉牛排3片+手工菲力牛排150克3片+手工西冷牛排100片5片！,套餐:A套餐:手工西冷牛排8片 ,89.0
【新街口莱迪】16.8元抢原价41元百真冰淇淋双人套餐西瓜仙子+奥利奥风暴中杯，和好友一起分享甜蜜吧~,,16.8
【新街口】8.8元抢原价35元极爪爪招牌椒麻鸡胗+红椒麻豆皮，19.9元抢原价53元极爪爪招牌椒麻鸡胗+招牌麻椒鸡拐，鲜香麻辣安排上~,极爪爪:B套餐,19.9
【直播间限时秒杀】【禾食·鲍鱼鸡 河西万达】仅79元购门市价307元2~3人餐：农家走地鸡＋人参60g+美国肥牛＋手打牛肉滑＋菌菇拼盘＋娃娃菜＋冬瓜＋莴笋＋拉面＋奶黄包＋白茶乌龙，美容养颜，安排上~,,79.0
【直播间限时秒杀】【KFC肯德基/全国通用】仅79元 抢门市价131元香辣鸡腿堡一个，新奥尔良鸡腿堡一个，吮指原味鸡块一块，香辣黄金鸡柳一份（4个）香辣鸡翅两个，劲爆鸡米花一份，葡式蛋挞一个，薯条一份（大），九珍果汁2杯,,79.0
【直播限时秒杀】【两店通用】仅21.9元抢原价69元苏蜀自助小火锅单人午市自助，31.9元抢原价79元单人晚市自助！菜品不限吃，烤肉、火锅二合一~,套餐:B套餐：单人晚市火锅自助,31.9
【直播间限时秒杀】【新街口】1.9元抢原价35元极爪爪招牌椒麻鸡胗+红椒麻豆皮，鲜香麻辣安排上~,,1.9
【直播间限时秒杀】【贤合庄/全国包邮】仅12.9元抢原价35.8元贤合庄鲜蔬自热小火锅两盒，三大明星联手打造，15分钟方便速食，美味随时享受！,,12.9
【直播间限时秒杀】【全国包邮】仅5.9元抢原价29元佬食仁休闲零食！多味豌豆/夹心雪媚娘/沙琪玛 3选1！追剧、办公、闲暇时光必备零食~,,5.9
【棒约翰】【南京两店通用】69.9元抢门市价197元2-3人餐【9寸比萨】5选1+【主食】2选1+【小食】4选1+【饮品3选3】可复选，无限续杯,,69.9
【直播间限时秒杀】【新街口莱迪】9.9元抢原价41元百真冰淇淋双人套餐西瓜仙子+奥利奥风暴中杯，和好友一起分享甜蜜吧~,,9.9
【晚餐三店通用】仅28元抢原价69元苏蜀自助小火锅单人午市自助，38元抢原价79元单人晚市自助！菜品不限吃，烤肉、火锅二合一~,套餐:A套餐：单人午市火锅自助 ,28.0
【直播限时秒杀】【两店通用】仅21.9元抢原价69元苏蜀自助小火锅单人午市自助，31.9元抢原价79元单人晚市自助！菜品不限吃，烤肉、火锅二合一~,套餐:A套餐：单人午市火锅自助 ,21.9
【直播后恢复爆品价】【两店通用】仅28元抢原价69元苏蜀自助小火锅单人午市自助，38元抢原价79元单人晚市自助！菜品不限吃，烤肉、火锅二合一~,套餐:B套餐：单人晚市火锅自助,38.0
【光华路石林家具城】仅9.9元抢原价28元飞师傅烤排饭1份！牛排一份，蔬菜两份，卤蛋一个，小菜一份，米饭一份！,,9.9
【晚餐三店通用】仅28元抢原价69元苏蜀自助小火锅单人午市自助，38元抢原价79元单人晚市自助！菜品不限吃，烤肉、火锅二合一~,套餐:B套餐：单人晚市火锅自助,38.0
【直播间限时秒杀】【新街口】11.9元抢原价53元极爪爪招牌椒麻鸡胗+招牌麻椒鸡拐，鲜香麻辣安排上~,,11.9
【全国包邮】仅49.9元抢原价132元500g长白山雪蜜！源自长白山原始森林，给你最纯正、自然的蜂蜜~,,49.9
【高淳富克斯一楼】仅9.9元抢原价18元普咔奶茶2杯！布丁奶茶， 有料奶茶 ，元气奶茶 3选2！超火的韩国人气奶茶，快和闺蜜一起分享,,9.9
【仅限南京地区发货|顺丰包邮】仅69.9元抢原价99元卡士高端酸奶套餐！整整15杯酸奶！125g 原态酪乳3杯+120g 鲜酪乳3杯+100g 果粒系列3杯+100g风味发酵乳6杯 ,,69.9
【KFC肯德基/全国通用】仅88元 抢门市价131元香辣鸡腿堡+新奥尔良鸡腿堡+吮指原味鸡块+香辣黄金鸡柳+香辣鸡翅+劲爆鸡米花+葡式蛋挞+薯条+九珍果汁,,88.0
【全国包邮】仅19.9元抢门市价24.7元小样自热煲仔饭2盒装！口味4选2+乳酸菌2瓶！红烧牛肉/番茄牛肉/红烧狮子头/川味香肠，随时随地都能吃的煲仔饭~,,19.9
【仅限江浙沪皖】89元抢原价198元澳领牛排A套餐：手工西冷牛排8片，139元抢原价358元B套餐：手工眼肉牛排3片+手工菲力牛排150克3片+手工西冷牛排100片5片！,套餐:B套餐:手工眼肉牛排3片 手工菲力牛排3片 手工西冷牛排5片,139.0
【高淳老街花涧堂】68元抢原价128元双人餐，149.8元抢原价298元3~5人餐，249.8元抢原价498元6~8人餐，美景美食这里都有~快来打卡,套餐:6-8人餐,249.8
【无锡融创文旅城】仅499元强门市价1280元家庭套餐 ，2大2小/2大1小通用  融创乐园/水世界/海世界，超长有效期至年底！！！  ,,499.0
商品标题,商品规格,15
【仅限江浙沪发货】仅39.9元抢原价64元70-80g凤凰紫桃6斤装，49.9元抢原价82元80-100g紫桃6斤装！营养超丰富的紫桃，绝对值得一尝~,套餐:B套餐：80-100g紫桃6斤装,49.9
【全国包邮|香奈儿】仅158元抢原价330元香奈儿炫亮魅力口红1支！9款色号任选其一，知名大牌口红，精致女孩儿怎么能没有一支~,,158.0
【高淳老街花涧堂】68元抢原价128元双人餐，149.8元抢原价298元3~5人餐，249.8元抢原价498元6~8人餐，美景美食这里都有~快来打卡,套餐:双人餐 ,68.0
【全国300+精品酒店免费住】仅668元抢“任享无限次-免费住酒店”随处·畅住卡2年使用期！超长使用期！全国有300多家精品酒店，不限次数！不限地区！不限房型！免费住~,,668.0
【仅限江浙沪发货】仅39.9元抢原价64元70-80g凤凰紫桃6斤装，49.9元抢原价82元80-100g紫桃6斤装！营养超丰富的紫桃，绝对值得一尝~,套餐:A套餐：70-80g紫桃6斤装 ,39.9
【新街口|苏香食里美食广场】仅29.9元抢原价96元蒸菜世家双人套餐！经典大盘鸡1份+蒸蛋1份分+凉拌土豆丝1份+米饭2份+饮料2杯 ！,,29.9
【新街口大洋百货】仅88元抢原价206元百岁我家酸菜鱼2-3人餐！招牌酸菜鱼+金牌培根+蔬菜拼盘+爽脆木耳+饮品2杯+米饭2碗！,,88.0
【仅限江浙沪地区发货】仅19.9元抢原价36元砀山皇冠梨5斤装！来自“梨都砀山”的皇冠梨，入口流汁，夏日解暑必备~,,19.9
【江浙沪124家门店通用|南京22家门店】仅88元抢原价175元 DQ冰激凌迷你90g装x5桶 ，99元抢原价178元分享400g装x2桶，四种口味任选,套餐:A：DQ冰激凌迷你90g装x5桶 ,88.0
【江宁翠屏国际】仅39抢原价129元沐槿宫成人洗浴澡资！99抢原价237元亲子洗浴澡资+自助晚餐！享受休闲养生，尽在沐槿宫~,套餐:A套餐：成人洗浴澡资 ,39.0
【仅限直播间秒杀】【14店通用】6.9元抢门市价21元 石上百味黑椒鸡腿饭，仅限直播间，这么实惠，小伙伴们买到就是赚到呀！,,6.9
【直播间限时秒杀】仅14.9元抢门市价24.7元小样自热煲仔饭2盒装！口味4选2+乳酸菌2瓶！红烧牛肉/番茄牛肉/红烧狮子头/川味香肠，随时随地都能吃的煲仔饭~,,14.9
【直播间限时秒杀】仅13.9元抢原价36元砀山皇冠梨5斤装！来自“梨都砀山”的皇冠梨，入口流汁，夏日解暑必备~,,13.9
【直播限时秒杀】仅29元抢原价129元沐槿宫成人洗浴澡资！89元抢原价237元亲子洗浴澡资+自助晚餐！享受休闲养生，尽在沐槿宫~,规格:B套餐：亲子洗浴澡资 自助晚餐,89.0
【直播限时秒杀】仅29元抢原价129元沐槿宫成人洗浴澡资！89元抢原价237元亲子洗浴澡资+自助晚餐！享受休闲养生，尽在沐槿宫~,规格:A套餐：成人洗浴澡资 ,29.0
【江宁翠屏国际】仅39元抢原价129元沐槿宫成人洗浴澡资！99元抢原价237元亲子洗浴澡资+自助晚餐！享受休闲养生，尽在沐槿宫~,套餐:A套餐：成人洗浴澡资 ,39.0
【直播间限时秒杀】仅49.9元抢原价207元羊老爷新品花椒鱼！四斤花椒鱼+四份蔬菜+两份米饭+两杯饮料！又麻又辣，朋友聚餐的绝佳选择~,,49.9
【直播间限时秒杀】【南京两店通用】61.9元抢门市价197元2-3人餐【9寸比萨】5选1+【主食】2选1+【小食】4选1+【饮品3选3】可复选，无限续杯,,61.9
【江宁翠屏国际】仅39元抢原价129元沐槿宫成人洗浴澡资！99元抢原价237元亲子洗浴澡资+自助晚餐！享受休闲养生，尽在沐槿宫~,套餐:B套餐：亲子洗浴澡资 自助晚餐,99.0
【直播间限时秒杀】仅21.9元享门市价50元一大一小套票，水世界畅玩~清凉解暑，狂欢假期，遛娃圣地！,,21.9
【全国通用】仅450元抢门市价688元寄居蟹旅行民宿次卡！全国80家精品民宿任你选，快来一次说走就走的旅行~,,450.0
【水西门大街】仅78元抢原价207元羊老爷新品花椒鱼！四斤花椒鱼+四份蔬菜+两份米饭+两杯饮料！又麻又辣，朋友聚餐的绝佳选择~,,78.0
【直播结束恢复原价】仅19.9元抢原价36元砀山皇冠梨5斤装！来自“梨都砀山”的皇冠梨，入口流汁，夏日解暑必备~,,19.9
【直播结束恢复原价】【南京两店通用】69.9元抢门市价197元2-3人餐【9寸比萨】5选1+【主食】2选1+【小食】4选1+【饮品3选3】可复选，无限续杯,,69.9
【新街口莱迪】8.9元抢原价15元陈记超值套餐，陈记秘制老长沙臭豆腐+里脊串，还不赶紧去打卡~~,,8.9
【全国包邮|买一赠一】仅39.9元抢原价118元修正药业除螨包，每袋10包/每包10g，天然草本萃取，温和呵护，轻松除螨,,39.9
【两店通用】仅99元抢原价325元炉子旁烤肉2-3人餐！六款火爆肉食+生菜+裙带菜汤+酱料+气泡水3杯！网红烤肉盛宴等你来打卡~,,99.0
【浦口区|金盛田广场】仅88元抢原价286元鲜牛社烤肉2-3人餐！原切西冷牛排+厚切牛舌+培根金针菇+台式纯肉肠+奥尔良鸡腿排+烤无骨鱼片，更有饮品水果，绝对丰富~,,88.0
【仅限南京地区发货】仅63.9元抢原价79元 元气森林无糖苏打气泡水白桃味15瓶装！480ml/瓶！健康+好喝，乘风破浪的绮绮子也在喝~,,63.9
【江宁托乐嘉花园】仅49.9元抢原价180元PICK HQ音乐餐吧A套餐！百威冰啤12瓶+小吃一份+果盘一份！69.9元抢原价200元B套餐：盖浇饭一份+披萨一份+炸小串一份+百威冰啤2瓶 ,套餐:B套餐：盖浇饭 披萨 炸小串 冰啤,69.9
【全国包邮】仅13.9元抢原价35元高品质编织一拖三充电数据线1根！超长1.2米！可充3种设备，安卓、苹果和Type-C三种接口,,13.9
【直播间限时秒杀】【新街口莱迪】2.9元抢原价15元陈记超值套餐，陈记秘制老长沙臭豆腐+里脊串，还不赶紧去打卡~~,,2.9
【直播间限时秒杀】【42店通用/南京 镇江 马鞍山】6.9元抢原价60元特惠洗车套餐：标准洗车+安全检测+玻璃水；错过等一年！全国连锁！,,6.9
【森林摩尔艺术时尚街区】仅29.9元抢门市价80元居老汉罐罐饭双人餐，冬瓜海带排骨汤、土豆煨牛腩、养生蒸鸡蛋两份、精美小菜两份、酸梅汤两份、米饭两份,,29.9
【直播间限时秒杀】【全国300+精品酒店免费住】仅568元抢“任享无限次-免费住酒店”随处·畅住卡2年使用期！超长使用期！全国有300多家精品酒店，不限次数！不限地区！不限房型！免费住~,,568.0
直播秒杀【怡康街】仅29.9元抢门市价103元炮锅蛙蛙叫肥肠鸡双人套餐，鲜香麻辣，让你食欲大开！,,29.9
【高淳富克斯广场】仅5.9元抢原价25元时代影城单人3D观影票！《大鱼海棠》《哪吒之魔童降世》高水准国漫电影，一部都不容错过!,套餐:16日晚7点《哪吒之魔童降世》,5.9
【直播间限时秒杀】【两店通用】仅88元抢原价325元炉子旁烤肉2-3人餐！六款火爆肉食+生菜+裙带菜汤+酱料+气泡水3杯！网红烤肉盛宴等你来打卡~,,88.0
【直播间限时秒杀】【全国包邮】仅8.9元抢原价35元高品质编织一拖三充电数据线1根！超长1.2米！可充3种设备，安卓、苹果和Type-C三种接口,,8.9
【高淳富克斯广场】仅5.9元抢原价25元时代影城单人3D观影票！《大鱼海棠》《哪吒之魔童降世》高水准国漫电影，一部都不容错过!,套餐:15日晚7点《大鱼海棠》 ,5.9
【直播间限时秒杀】【仅限南京地区发货】仅56元抢原价79元 元气森林无糖苏打气泡水白桃味15瓶装！480ml/瓶！健康+好喝，乘风破浪的绮绮子也在喝~,,56.0
【直播间限时秒杀】【江宁翠屏国际】89元抢原价237元亲子洗浴澡资+自助晚餐！享受休闲养生，尽在沐槿宫~,,89.0
【两店通用】【韩熙&纯色】仅29元抢门市价588元美肤套餐， 护肤流程步骤多到惊掉你的下巴专业、细致、全面、周到让你素颜出门也OK！！！,,29.0
【限南京配送】仅78元抢原价198元春甜花花11支玫瑰礼盒！仅88元抢原价228元春甜花花 I LOVE YOU 红色玫瑰礼盒！给你心里的那个TA送一束爱意满满的玫瑰吧！,CHUN:A：11支玫瑰礼盒 ,78.0
【直播间限时秒杀】【全国包邮|买一赠一】仅31元抢原价118元修正药业除螨包，每袋10包/每包10g，天然草本萃取，温和呵护，轻松除螨,,31.0
【玄武区/碑亭巷】仅29.9元抢原价105元源记潮汕砂锅粥套餐芹菜干贝肉松砂锅粥一份，独家手工葱油饼一份，小菜两碟,,29.9
【直播后恢复爆品价】【42店通用/南京 镇江 马鞍山】9.9元抢原价60元特惠洗车套餐：标准洗车+安全检测+玻璃水；错过等一年！全国连锁！,,9.9
【地铁2号线苜蓿园站】仅128元抢原价429元蜀嘟宽窄巷子火锅2-3人餐！锅底+极品鲜脆四拼+精品肥牛1号+特色丸类双拼+极品耗儿鱼……6荤4素，还有小吃、饮品，超值~,,128.0
【怡康街】仅39.9元抢门市价103元炮锅蛙蛙叫肥肠鸡双人套餐，鲜香麻辣，让你食欲大开！,,39.9
【直播间限时秒杀】【江宁翠屏国际】仅29元抢原价129元沐槿宫成人洗浴澡资！享受休闲养生，尽在沐槿宫~,,29.0
【常州天目湖】仅399元抢原价699元松岭竹海度假区夜晚漂流套餐！斯维登酒店 大/双床住宿1晚（含双早）+锦香阁两大一小套餐+两大一小葡萄采摘+竹海夜漂门票两张（可游玩松岭夜场活动，送荧光装备两套）,,399.0
开业预售【地铁2号线奥体东站|四季足道公馆】仅69元抢原价159元四季春香足浴60分钟套餐！足疗+洗浴+餐饮！养生放松从足开始~,套餐:A：四季春香足浴60分钟套餐 ,69.0
【限南京配送】仅78元抢原价198元春甜花花11支玫瑰礼盒！仅88元抢原价228元春甜花花 I LOVE YOU 红色玫瑰礼盒！给你心里的那个TA送一束爱意满满的玫瑰吧！,CHUN:B: I LOVE YOU 红色玫瑰 礼盒 （22-26朵）,88.0
【42店通用/南京 镇江 马鞍山】9.9元抢原价60元特惠洗车套餐：标准洗车+安全检测+玻璃水；爆品返场！全国连锁！,,9.9
【玄武区|钟鼎名悦广场】仅150元抢原价256元嘎嘎香羊蝎子牛骨双人自助餐！ 羊蝎子、牛骨、蔬菜、菌菇、各类丸子、多种凉菜不限量，啤酒、饮料畅饮！,,150.0
【直播后恢复爆品价】【全国300+精品酒店免费住】仅668元抢“任享无限次-免费住酒店”随处·畅住卡2年使用期！超长使用期！全国有300多家精品酒店，不限次数！不限地区！不限房型！免费住~,,668.0
【建邺|缤润汇】仅39元抢原价580元HANA美学皮肤管理中心酵素浴套餐！日本暴瘦酵素浴+肌底深层净化+冰雪女神素颜水光肌，明星们都爱泡~,,39.0
【直播间后恢复爆品价】【全国包邮】仅13.9元抢原价35元高品质编织一拖三充电数据线1根！超长1.2米！可充3种设备，安卓、苹果和Type-C三种接口,,13.9
【高淳富克斯广场】仅0.99元抢原价25元时代影城《战狼2》单人公益观影票！本周五晚7点和小伙伴一起来感受祖国的强大！热血沸腾！,,0.99
【富克斯广场】仅28.8元抢原价118元富庄特色餐厅纸包鱼一份！鲜嫩烤鱼搭配秘制酱料，舌尖上的美味等你来尝~,,28.8
【建邺水西门大街|盘子女人坊】仅49.9元抢原价859元盘子女人坊单人定制摄影套餐！服装+造型妆面+7寸台历一本（含5张照片）+2张精修底片+2张钱包照+16寸放大海报一张 ,,49.9
【常州天目湖】仅69元抢原价128元松岭竹海夜公园+夜间漂流项目联票1张，送荧光装备1套，闯入光影世界忘却烦恼，寻找到快乐,,69.0
【银杏湖乐园】仅210元抢原价520元双人全天门票！畅玩所有游乐区体验设备、生态区、夜公园、水世界！这个夏天就去银杏湖乐园~,,210.0
【秦淮区|仙鹤街】仅99元抢原价237元蚝鲜生加油站双人套餐！3只生蚝大号+ 3只葱油小鲍鱼+ 柠香炙烤多宝鱼+ 辣炒花蛤+3串烤青椒脆骨+3串烤掌中宝+3串澳洲大串！,,99.0
【江宁托乐嘉花园】仅49.9元抢原价180元PICK HQ音乐餐吧A套餐！百威冰啤12瓶+小吃一份+果盘一份！69.9元抢原价200元B套餐：盖浇饭一份+披萨一份+炸小串一份+百威冰啤2瓶 ,套餐:A套餐：百威12瓶 小吃 果盘 ,49.9
【全国包邮】108元抢原价398元LAMER海蓝之谜面霜 7ml 小样1瓶，118元抢原价430元LAMER海蓝之谜眼霜5ml小样1瓶，贵妇级护肤品牌,海蓝之谜:眼霜5ml,118.0
【全国包邮】仅19.9元抢门市价24.7元小样自热煲仔饭2盒装！口味4选2+乳酸菌2瓶！红烧牛肉/番茄牛肉（已售罄）/红烧狮子头/川味香肠，随时随地都能吃的煲仔饭~,,19.9
【全国26家门店通用|盘子女人坊】仅49.9元抢原价859元盘子女人坊单人定制摄影套餐！服装+造型妆面+7寸台历一本（含5张照片）+2张精修底片+2张钱包照+16寸放大海报一张 ,,49.9
【全国包邮】108元抢原价398元LAMER海蓝之谜面霜 7ml 小样1瓶，118元抢原价430元LAMER海蓝之谜眼霜5ml小样1瓶，贵妇级护肤品牌,海蓝之谜:面霜7ml ,108.0
开业预售【地铁2号线奥体东站|四季足道公馆】仅69元抢原价159元四季春香足浴60分钟套餐！足疗+洗浴+餐饮！养生放松从足开始~,套餐:B：四季秋香足浴80分钟套餐,109.0
【雨润大街地铁站3号口】仅99元抢原价780元Venus皮肤管理中心SPA套餐！128元抢原价880元美肤套餐！奢华贵妇级法尔曼精华补水管理在等你~,套餐:美肤套餐,128.0
【地铁2号线奥体东站|四季足道公馆】仅69元抢原价159元四季春香足浴60分钟套餐！足疗+洗浴+餐饮！养生放松从足开始~,套餐:B：四季秋香足浴80分钟套餐,109.0
【地铁2号线奥体东站|四季足道公馆】仅69元抢原价159元四季春香足浴60分钟套餐！足疗+洗浴+餐饮！养生放松从足开始~,套餐:A：四季春香足浴60分钟套餐 ,69.0
【江宁同曦万尚城】仅69元抢原价190元鱼介碳烤鱼A：烤鱼套餐！湄公鱼一条+配菜+小吃2份！99元抢原价239元B：肉蟹煲套餐！ 梭子蟹1份+配菜+小吃,套餐:B：肉蟹煲套餐,99.0
【江宁同曦万尚城】仅69元抢原价190元鱼介碳烤鱼A：烤鱼套餐！湄公鱼一条+配菜+小吃2份！99元抢原价239元B：肉蟹煲套餐！ 梭子蟹1份+配菜+小吃,套餐:A：烤鱼套餐 ,69.0
【高淳富克斯广场】仅6.9元抢原价25元时代影城单人观影票！《美人鱼》《夏洛特烦恼》《捉妖记》国产喜剧佳片，欢乐开场~,影片:《捉妖记》8月23日晚19:30,6.9
【江浙沪包邮】仅39元抢原价70元依云矿泉水喷雾2瓶装（50ml/瓶）源自法国阿尔卑斯山冰川矿泉水，小分子矿物质更易吸收，这个夏天补水不能落下哦~,,39.0
【直播间限时抢购】仅14.9元抢门市价24.7元小样自热煲仔饭2盒装！红烧狮子头自热饭2盒+乳酸菌2瓶！随时随地都能吃的煲仔饭~,,14.9
【限南京（高淳、溧水不送）顺丰冷链配送/慢面包榴莲千层】仅28.8抢门市价68元一个/39.8元抢门市价136元两个， 和心爱的TA分享，简直Sweet♥到爆！,慢:B:两个千层蛋糕，四寸,39.8
【仅限江浙沪皖发货】仅88元抢原价198元澳领菲力黑椒牛排套餐！菲力黑椒牛排*15片（80克），送刀叉；美味调理牛排，肉欲满满~,,88.0
【直播间限时秒杀】【森林摩尔艺术时尚街区】仅21元抢门市价80元居老汉罐罐饭双人餐，冬瓜海带排骨汤、土豆煨牛腩、养生蒸鸡蛋两份、精美小菜两份、酸梅汤两份、米饭两份,,21.0
【直播间限时抢购】【仅限南京地区下单|顺丰包邮】仅59.9元抢原价90元卡士高端酸奶套餐！ 原态酪乳2杯+鲜酪乳6杯+风味发酵乳6杯 +餐后1小时1瓶 ，优质酸奶就选卡士~,,59.9
【直播间限时抢购】【限南京顺丰冷链配送/慢面包榴莲千层】仅19.9抢门市价68元一个/31.9元抢门市价136元两个， 和心爱的TA分享，简直Sweet♥到爆！,慢面包:一个4寸榴莲千层 ,19.9
【夫子庙】祛痘套餐男女通用！36元抢购原价580元痘院长皮肤管理套餐，高频肌底深洁+舒缓离子毛囊雾化+草莓鼻去黑头+ACC局部祛痘+瑞士冰川补水+美颜红蓝光照射 ，6大项目！超值！,,36.0
【限南京（高淳、溧水不送）顺丰冷链配送/慢面包榴莲千层】仅28.8抢门市价68元一个/39.8元抢门市价136元两个， 和心爱的TA分享，简直Sweet♥到爆！,慢:A：一个榴莲千层，四寸 ,28.8
【高淳富克斯广场】仅19.8元抢原价33元时代影城《八佰》单人观影票！淞沪会战的最后一役热血上映！,场次:8月22日本周六下午16:00  ,19.8
【直播间限时抢购】【限南京顺丰冷链配送/慢面包榴莲千层】仅19.9抢门市价68元一个/31.9元抢门市价136元两个， 和心爱的TA分享，简直Sweet♥到爆！,慢:A：一个榴莲千层，四寸 ,19.9
【直播间限时抢购】【限南京顺丰冷链配送/慢面包榴莲千层】仅19.9抢门市价68元一个/31.9元抢门市价136元两个， 和心爱的TA分享，简直Sweet♥到爆！,慢面包:两个4寸榴莲千层,31.9
【直播间限时抢购】【全国300+精品酒店免费住】仅568元抢“任享无限次-免费住酒店”随处·畅住卡2年使用期！超长使用期！全国有300多家精品酒店，不限次数！不限地区！不限房型！免费住~,,568.0
【直播间限时抢购】【限南京顺丰冷链配送/慢面包榴莲千层】仅19.9抢门市价68元一个/31.9元抢门市价136元两个， 和心爱的TA分享，简直Sweet♥到爆！,慢:B:两个千层蛋糕，四寸,31.9
【两店通用】仅29.9元抢原价58元麦雪尔单人下午茶套餐！奶茶小姐盒子蛋糕一份+现磨咖啡一杯！79.9元抢原价134元双人下午茶套餐！快来享受甜蜜下午茶吧~,套餐:A：单人下午茶套餐 ,29.9
【高淳富克斯广场】仅19.8元抢原价33元时代影城《八佰》单人观影票！淞沪会战的最后一役热血上映！,场次:8月22日本周六晚19:45,19.8
【限南京（高淳、溧水不送）顺丰冷链配送/慢面包榴莲千层】仅28.8抢门市价88元一个/39.8元抢门市价176元两个， 和心爱的TA分享，简直Sweet♥到爆！,慢:B:两个千层蛋糕，四寸,39.8
【直播间限时抢购】【限南京配送】仅66元抢原价198元春甜花花11支玫瑰礼盒！仅66元抢原价228元春甜花花 I LOVE YOU 红色玫瑰礼盒！给你心里的那个TA送一束爱意满满的玫瑰吧！,花:11支玫瑰礼盒 ,66.0
【直播间限时抢购】【两店通用】仅22.9元抢原价58元麦雪尔单人下午茶套餐！奶茶小姐盒子蛋糕一份+现磨咖啡一杯！79.9元抢原价134元双人下午茶套餐！快来享受甜蜜下午茶吧~,直播:B:  双人套餐,69.9
【直播间限时抢购】仅49.9元抢138元大塘金通票一张！漫步天宫云端，享受梦幻灯光~,,49.9
【直播间限时抢购】【限南京配送】仅66元抢原价198元春甜花花11支玫瑰礼盒！仅66元抢原价228元春甜花花 I LOVE YOU 红色玫瑰礼盒！给你心里的那个TA送一束爱意满满的玫瑰吧！,花: I LOVE YOU 红色玫瑰 礼盒 （22-26朵）,66.0
【限南京（高淳、溧水不送）顺丰冷链配送/慢面包榴莲千层】仅28.8抢门市价88元一个/39.8元抢门市价176元两个， 和心爱的TA分享，简直Sweet♥到爆！,慢:A：一个榴莲千层，四寸 ,28.8
【直播间限时抢购】【江浙沪包邮】仅29元抢原价70元依云矿泉水喷雾2瓶装（50ml/瓶）源自法国阿尔卑斯山冰川矿泉水，小分子矿物质更易吸收，这个夏天补水不能落下哦~,,29.0
【直播间限时抢购】【秦淮区|仙鹤街】仅89.9元抢原价237元蚝鲜生加油站双人套餐！3只生蚝大号+ 3只葱油小鲍鱼+ 柠香炙烤多宝鱼+ 辣炒花蛤+3串烤青椒脆骨+3串烤掌中宝+3串澳洲大串！,,89.9
【直播结束恢复爆品价】【限南京配送】仅78元抢原价198元春甜花花11支玫瑰礼盒！仅88元抢原价228元春甜花花 I LOVE YOU 红色玫瑰礼盒！给你心里的那个TA送一束爱意满满的玫瑰吧！,CHUN:A：11支玫瑰礼盒 ,78.0
【淮安盱眙|老子山温泉山庄】仅248元抢原价988元两大一小畅玩票！老子山行政酒店豪华标间房一晚+两大一小洪泽湖豪华游艇票+两大一小老子山冰泉套票+万亩荷塘浮桥赏花+两大一小自助早餐,,248.0
【仅限南京地区下单|顺丰包邮】仅69.9元抢原价90元卡士高端酸奶套餐！ 原态酪乳2杯+鲜酪乳6杯+风味发酵乳6杯 +餐后1小时1瓶 ，优质酸奶就选卡士~,,69.9
【新街口/杰克地方】仅109元抢门市价269元牛排双人套餐特级西冷牛排2份，田园沙拉，薯条，意式蔬菜汤2份，味蕾和视觉的双重盛宴~,,109.0
【直播结束恢复爆品价】仅19.9元抢门市价24.7元小样自热煲仔饭2盒装！红烧狮子头自热饭2盒+乳酸菌2瓶！随时随地都能吃的煲仔饭~,,19.9
【预售|千年珠宝|江苏28店通用，南京5店】仅59元抢原价169元银珍珠耳钉一副；189元抢原价960元云端挚爱吊坠一条；219元抢原价1129元银珍珠耳钉+云端挚爱吊坠；快给挚爱的TA一个七夕惊喜吧~,套餐:A套餐：银珍珠耳钉 ,59.0
【直播结束恢复爆品价】【仅限南京地区下单|顺丰包邮】仅69.9元抢原价90元卡士高端酸奶套餐！ 原态酪乳2杯+鲜酪乳6杯+风味发酵乳6杯 +餐后1小时1瓶 ，优质酸奶就选卡士~,,69.9
【预售】【天目湖旅游度假区】69元抢门市价130元天目湖水世界七夕单人门票，169元抢门市价300元天目湖水世界双人票+双人浮筏,七夕:A：天目湖水世界浪漫七夕单人票 ,69.0
【高淳富克斯广场】仅6.9元抢原价25元时代影城单人观影票！《美人鱼》《夏洛特烦恼》《捉妖记》国产喜剧佳片，欢乐开场~,电影:A：《美人鱼》8月21日晚19:30 ,6.9
【千年珠宝七夕特惠|江苏28店通用】仅59元抢原价169元银珍珠耳钉一副；189元抢原价960元云端挚爱吊坠一条,规格:B：云端挚爱吊坠（快递）,189.0
【千年珠宝七夕特惠|江苏28店通用】仅59元抢原价169元银珍珠耳钉一副；189元抢原价960元云端挚爱吊坠一条,规格:A：银珍珠耳钉（快递） ,59.0
【高淳富克斯广场】仅6.9元抢原价25元时代影城单人观影票！《美人鱼》《夏洛特烦恼》《捉妖记》国产喜剧佳片，欢乐开场~,电影:C:《捉妖记》8月23日晚19:30,6.9
【千年珠宝七夕特惠|江苏28店通用】仅59元抢原价169元银珍珠耳钉一副；189元抢原价960元云端挚爱吊坠一条,规格:B：云端挚爱吊坠（自提）,189.0
【千年珠宝|江苏28店通用】仅59元抢原价169元银珍珠耳钉一副；189元抢原价960元云端挚爱吊坠一条,规格:C：吊坠 耳钉（自提）,219.0
【德盈国际广场】新店开业钜惠！仅39.8元抢原价1456元L.SPA美容美甲套餐：纯色美甲/小气泡/脱毛一次（腋下或小腿二选 一）/肩颈疏通单次：/深层补水spa/身体局部塑型单次/美睫七大项目，让你从头美到指尖~,,39.8
【美团外卖会员丨官方直充 | 全国通用】仅29.9元抢原价45元美团外卖尊享版会员季卡！连续3个月每月享30元无门槛红包！海量商家支持会员红包免费升级！,,29.9
【高淳老街花涧堂】68元抢原价128元双人餐，149.8元抢原价298元3~5人餐，249.8元抢原价498元6~8人餐，美景美食这里都有~快来打卡,套餐:3-5人餐,149.8
【新街口莱迪】8.9元抢原价15元陈记超值套餐，陈记秘制老长沙臭豆腐+里脊串，还不赶紧安排上去打卡哦~~,,8.9
【千年珠宝七夕特惠|江苏28店通用】仅59元抢原价169元银珍珠耳钉一副；189元抢原价960元云端挚爱吊坠一条,规格:C：吊坠 耳钉（快递）,219.0
【全国包邮】15.8元抢市场价20元活性炭纳米香包两袋，香味温和不刺激保护您和您的家人,,15.8
【全国包邮|香奈儿】仅258元抢原价435元香奈儿山茶花柔和净肤泡沫洁面乳1支（150ml）想要皮肤好，面部清洁是关键，给皮肤大牌的呵护~,,258.0
【安吉】¥399抢安吉木美鸟铂锐度假酒店度假套餐！住豪华房，A:游七彩山地亲子乐园！B:游潴口溪水上乐园漂流或者飞艇2选1！住豪华房！吃美食！玩盛夏！,度假套餐:B套餐：豪华房（大床/双床）/晚 潴口溪水上乐园漂流或者飞艇2选1,399.0
【千年珠宝七夕特惠|江苏28店通用】仅59元抢原价169元银珍珠耳钉一副；189元抢原价960元云端挚爱吊坠一条,规格:C：吊坠 耳钉（自提）,219.0
【三层防护口罩】19.9元抢原价39元50个装儿童三层防护口罩，三层防护有效过滤！儿童尺寸紧贴舒适~！！,,19.9
【环宇城】139元抢门市价510元大浪涮烤一体3-4人餐，新鲜牛肉盛宴！涮烤一体，火锅、烤肉两不误~,,139.0
【仅限南京主城区发货】仅45.9元抢原价65元农家散养虫草鸡蛋一箱（45个）真正野外散养的虫草鸡蛋，营养健康又美味~,,45.9
【直播间限时秒杀】【三层防护口罩】13.9元抢原价39元50个装儿童三层防护口罩，三层防护有效过滤！儿童尺寸紧贴舒适~！！,,13.9
【直播限时秒杀】【全国包邮】仅16.9元抢原价24.9元辣魔王魔芋爽素毛肚一袋50小包（12g/小包）混合装，麻辣爽脆的魔芋零食，当然选辣魔王~	,,16.9
【直播间限时秒杀】【全国包邮】仅12.9元抢原价39元 PZOZ桌面手机支架（不可调节，皓月银）2个，19.9抢原价50元PZOZ桌面手机支架（可调节，皓月银）2个！轻松享受手机时光,款式:B：可调节手机支架2个（皓月银）,19.9
【直播限时秒杀】【全国包邮】仅9.9元抢原价14.9元辣魔王魔芋爽素毛肚20小包（10g/小包）口味四选一，14.9元抢原价27.9元50小包素毛肚！,套餐:A：20小包*10g ,9.9
【直播间限时秒杀】【全国包邮】8.9元抢市场价20元活性炭纳米香包两袋，香味温和不刺激保护您和您的家人,,8.9
【直播限时秒杀】【全国包邮】仅9.9元抢原价14.9元辣魔王魔芋爽素毛肚20小包（10g/小包）口味四选一，14.9元抢原价27.9元50小包素毛肚！,套餐:B：50小包*10g,14.9
直播秒杀！预售【云海亲水汤城】仅53抢原价138元单人门票+单人自助（午餐或晚餐任选一餐）！100多种美食，烤鸭/牛排/海鲜.......手慢即无宝宝千万别错过，这个夏天，就来云海过~,,53.0
【直播间限时秒杀】【全国包邮】仅12.9元抢原价39元 PZOZ桌面手机支架（不可调节，皓月银）2个，19.9抢原价50元PZOZ桌面手机支架（可调节，皓月银）2个！轻松享受手机时光,款式:A：不可调节手机支架2个（皓月银） ,12.9
【直播限时秒杀价】【仅限南京地区发货】仅56元抢原价79元 元气森林无糖苏打气泡水白桃味15瓶装！480ml/瓶！健康+好喝，乘风破浪的绮绮子也在喝~,,56.0
【直播限时秒杀价】【千年珠宝|江苏28店通用】仅49.9元抢原价169元银珍珠耳钉一副；129.9元抢原价960元云端挚爱吊坠一条,饰品类型:C：吊坠 耳钉（快递）,149.9
【直播后恢复爆品价】【全国包邮】仅19.9元抢原价39元 PZOZ桌面手机支架（不可调节，皓月银）2个，26.9抢原价50元PZOZ桌面手机支架（可调节，皓月银）2个！轻松享受手机时光,款式:B：可调节手机支架2个（皓月银）,26.9
【富克斯广场5楼|时代影城】仅4.9元抢原价15元单人影票一张！《白蛇缘起》《何以为家》超高质量的两部大片等你来看！,电影票:《何以为家》8.30周日晚19:00,4.9
【高淳富克斯广场】仅7.9元抢原价21元柠檬茶+单人影票套餐！普咔西班牙甜柠檬茶1杯+周六《白蛇缘起》单人影票/柠檬茶1杯+周日《何以为家》单人影票,套餐:A：柠檬茶 8.29周六《白蛇缘起》单人影票 ,7.9
【直播后恢复爆品价】【新街口莱迪】8.9元抢原价15元陈记超值套餐，陈记秘制老长沙臭豆腐+里脊串，还不赶紧去打卡~~,,8.9
【高淳富克斯广场】仅7.9元抢原价21元柠檬茶+单人影票套餐！普咔西班牙甜柠檬茶1杯+周六《白蛇缘起》单人影票/柠檬茶1杯+周日《何以为家》单人影票,套餐:B：柠檬茶 8.30周日《何以为家》单人影票,7.9
【全国通用】仅38元抢门市价：98元寄居蟹旅行民宿体验卡！1间1晚入住网红民宿！全国105+家精品民宿任你选，快来一次说走就走的旅行~,,38.0
【全国包邮】仅19.9元抢原价39元 PZOZ桌面手机支架（不可调节，皓月银）2个，26.9抢原价50元PZOZ桌面手机支架（可调节，皓月银）2个！轻松享受手机时光,规格:A：不可调节手机支架2个（皓月银） ,19.9
【富克斯广场5楼|时代影城】仅4.9元抢原价15元单人影票一张！《白蛇缘起》《何以为家》超高质量的两部大片等你来看！,电影票:《白蛇缘起》8.29周六下午13:00 ,4.9
【全国包邮】仅11.9元抢原价14.9元辣魔王魔芋爽素毛肚20小包（10g/小包）口味四选一，21.9元抢原价27.9元50小包素毛肚！麻辣爽脆的魔芋零食，当然选辣魔王~,铝箔装:A：20小包*10g ,11.9
【直播后恢复爆品价】【三层防护口罩】19.9元抢原价39元50个装儿童三层防护口罩，三层防护有效过滤！儿童尺寸紧贴舒适~！！,,19.9
【全国包邮】仅19.9元抢原价39元 PZOZ桌面手机支架（不可调节，皓月银）2个，26.9抢原价50元PZOZ桌面手机支架（可调节，皓月银）2个！轻松享受手机时光,规格:B：可调节手机支架2个（皓月银）,26.9
【全国17家门店通用】【南京水游城、江宁景枫2店】仅198元抢原价374元蓝蛙西餐厅双人套餐！汉堡1份+主食1份+沙拉1份+饮品2杯！火爆西餐厅强势回归，美味不容错过,,198.0
【秦淮区长乐路牵牛巷】仅9.9元抢原价28元佐记麻辣鸭套餐！小份麻辣鸭+海带丝+花生米，麻辣鲜爽，风味独特、开胃爽口~,,9.9
【非常女子】仅199元抢门市价2368元非常女子单人古装摄影套餐，超多底片全送，圆你古装女主梦！,,199.0
【仅限南京地区发货】仅19.9元抢原价29元整箱福建小米生蚝小号精品3斤！仅25.9元抢原价39元整箱中号精品生蚝3斤!,套餐:B：整箱中号精品生蚝3斤(约20只),25.9
【大行宫】仅49.9元抢门市价170元炒螺丝双人套餐，美味不可辜负，新鲜更要享受不要犹豫了，赶快来吃吧！,,49.9
【江宁谷里|松鼠咔咔】仅99元抢原价238元松鼠咔咔森林乐园亲子套餐！门票（2大1小）+漂流（2大1小）+飞鼠索道+彩虹滑道+宠物喂养食物一份+夜场灯光节门票（2大1小）,,99.0
【龙眠大道地铁站】仅99元抢原价355元汉城山烤肉超值3-4人餐！6荤2素+海苔手握饭+爽口拉皮+柠檬水1扎！满满肉香福利，就等你来体验~	,,99.0
【江宁翠屏国际 | 沐槿宫】仅19元抢原价59元儿童洗浴+戏水+自助晚餐！49元抢原价129元成人洗浴套餐！59元抢原价168元（洗浴129元＋搓背39元）！超多洗浴套餐，精选按摩放松项目在等你~,套餐项目:A：儿童洗浴 戏水 自助 ,0.0
【全国包邮 | YSL圣罗兰】仅159元抢原价335元YSL圣罗兰小金条口红一支！14色选一！女生必备的“杨树林”口红，小仙女怎么能错过~,,159.0
【全国包邮】仅21.9元抢原价24.9元辣魔王魔芋爽素毛肚一袋50小包（12g/小包）混合装，麻辣爽脆的魔芋零食，当然选辣魔王~	,,21.9
【江宁翠屏国际 | 沐槿宫】仅19元抢原价59元儿童洗浴+戏水+自助晚餐！49元抢原价129元成人洗浴门票！59元抢原价168元（洗浴129元＋搓背39元）！超多洗浴套餐，精选按摩放松项目在等你~,套餐项目:B：成人洗浴,49.0
【新街口/明泰谷】128元抢价值319元双人套餐！258抢价值552元四人餐！纯血统泰国菜，用异域的味道唤醒沉睡的味蕾！,套餐:A：双人餐 ,128.0
【秦淮区龙蟠中路】仅28元抢原价688元韩熙美肤美睫美甲套餐！韩国超微小气泡+肩颈按摩+头部按摩+纯色美甲/美睫（2选1）,,28.0
【全国包邮】仅11.9元抢原价14.9元辣魔王魔芋爽素毛肚20小包（10g/小包）口味四选一，21.9元抢原价27.9元50小包素毛肚！麻辣爽脆的魔芋零食，当然选辣魔王~,铝箔装:B：50小包*10g,21.9
【江宁翠屏国际 | 沐槿宫】仅19元抢原价59元儿童洗浴+戏水+自助晚餐！49元抢原价129元成人洗浴门票！59元抢原价168元（洗浴129元＋搓背39元）！超多洗浴套餐，精选按摩放松项目在等你~,套餐项目:A：儿童洗浴 戏水 自助 ,19.0
【全国包邮】49.9元抢门市价98元，美龄姐美龄粥即食山药百合豆浆粥260g*8罐，采用真材实料，香甜不腻，老少皆宜。粥白如雪，入口甜香细滑~,,49.9
【江宁翠屏国际 | 沐槿宫】仅19元抢原价59元儿童洗浴+戏水+自助晚餐！49元抢原价129元成人洗浴门票！59元抢原价168元（洗浴129元＋搓背39元）！超多洗浴套餐，精选按摩放松项目在等你~,套餐项目:D：成人洗浴 搓背 推盐 推奶 敲背,89.0
【仅江浙沪皖地区发货 | 快递包邮】仅59.9元抢原价218元花雕醉蟹2盒，12只（公母随机）69.9元抢原价248元醉蟹2盒，甄选优质大闸蟹，先蒸后醉手工泡制，酒醇蟹鲜膏鲜黄嫩~全母蟹！,套餐:B套餐：全母蟹2盒,69.9
直播秒杀价【秦淮区长乐路牵牛巷】仅3.9元抢原价28元佐记麻辣鸭套餐！小份麻辣鸭+海带丝+花生米，麻辣鲜爽，风味独特、开胃爽口~,,3.9
直播秒杀价【新街口莱迪】2.9元抢原价20元陈记超值鸡排套餐，鸡排一份+里脊1串，外酥里嫩的口感，入口后超足的满足感，还不赶紧安排上去打卡哦~~,,2.9
【玄武区钟鼎名悦】仅88元抢原价380元徒手餐厅超值双人餐！铁锹海鲜（生蚝、鲍鱼、海星、对虾、牛蛙……）蒜泥黄瓜+特调饮品2杯！快来享受海鲜盛宴吧,,88.0
【仅限南京主城区发货】仅29.9元抢原价50元金旺黑椒脆骨肉肠两袋装！每根肉肠60g！一袋4根！纯肉制作，肉质饱满，满满都是肉肉的幸福~,,29.9
【仅江浙沪皖地区发货 | 快递包邮】仅59.9元抢原价218元花雕醉蟹2盒，12只（公母随机）69.9元抢原价248元醉蟹2盒，甄选优质大闸蟹，先蒸后醉手工泡制，酒醇蟹鲜膏鲜黄嫩~全母蟹！,套餐:A套餐：公母随机2盒 ,59.9
直播秒杀价【大行宫】仅39元抢门市价170元炒螺丝双人套餐，美味不可辜负，新鲜更要享受不要犹豫了，赶快来吃吧！,,39.0
【 地铁4号线龙江地铁站附近】仅59元抢原价79元百年澡堂单人洗浴+自助餐（1餐）休闲娱乐，健康养生，好评5颗星，强烈推荐你！,,59.0
【直播间限时秒杀】【仅限南京主城区发货】仅39元抢原价65元农家散养虫草鸡蛋一箱（45个）真正野外散养的虫草鸡蛋，营养健康又美味~,,39.0
【直播间秒杀价】【三层防护口罩】14.9元抢原价39元50个装儿童三层防护口罩，三层防护有效过滤！儿童尺寸紧贴舒适~！！,,14.9
【江宁翠屏国际 | 沐槿宫】仅19元抢原价59元儿童洗浴+戏水+自助晚餐！49元抢原价129元成人洗浴门票！59元抢原价168元（洗浴129元＋搓背39元）！超多洗浴套餐，精选按摩放松项目在等你~,套餐项目:C：成人洗浴 搓背,59.0
【新街口莱迪】9.9元抢原价20元陈记超值鸡排套餐，鸡排一份+里脊1串，外酥里嫩的口感，入口后超足的满足感，还不赶紧安排上去打卡哦~~,,9.9
直播秒杀价【全国包邮】49元抢门市价98元，  美龄姐美龄粥即食山药百合豆浆粥260g*8罐，采用真材实料，香甜不腻，老少皆宜。粥白如雪，入口甜香细滑~,,49.0
【南京7店通用】仅39元抢原价204元迷思熊-大唛汽车养护套餐！空调进气道3M消毒杀菌+轿厢内3M消毒杀菌+防冻液500ml+玻璃水1瓶+21项全车安全检查，给汽车全面养护,,39.0
【预售】【固城湖大闸蟹产地直发】99元抢原价150元大闸蟹8只！109元抢原价220元4对大闸蟹：母蟹2.5两+公蟹3两！江浙沪邮政EMS包邮！死蟹包赔，无黄包赔！,套餐:A套餐：8只母蟹 2两/只 ,99.0
【全国包邮】仅181元抢原价228元美心金装彩月月饼礼盒，248元抢原价298元美心双黄白莲蓉月饼礼盒 ，279元抢原价358元美心精选口味 限量版月饼礼盒，这个中秋小资一回~,美心月饼:美心金装彩月月饼礼盒 ,181.0
【预售】【固城湖大闸蟹产地直发】99元抢原价150元大闸蟹8只！109元抢原价220元4对大闸蟹：母蟹2.5两+公蟹3两！江浙沪邮政EMS包邮！死蟹包赔，无黄包赔！,套餐:B套餐：4对螃蟹 母蟹2.5两/只，公蟹3两/只,109.0
【新街口/杰克地方】仅109元抢门市价269元牛排双人套餐特级西冷牛排2份，田园沙拉，薯条，意式蔬菜汤2份，味蕾和视觉的双重盛宴~,,109.0
【丸龟制面】【新街口】98元抢门市价173元双人火锅套餐！风靡世界各地的丸龟制面来袭！有酒有肉!不可错过的日本美味！,,98.0
【南京3店通用 | 韩式烤肉】仅59元抢原价92元安鹤宫料理石锅套餐！石锅拌饭+大酱汤+无骨鸡块，99元抢原价211元烤肉双人餐！,套餐:B：烤肉双人餐,99.0
【新街口国际贸易中心】仅19.9元抢原价230元米兰音乐吧特惠A套餐：雪花纯生啤酒6瓶+2份小食，88元抢原价470元特惠B套餐：啤酒12瓶（3选一）+3份小食	,套餐:特惠B套餐,88.0
【新街口国际贸易中心】仅19.9元抢原价230元米兰音乐吧特惠A套餐：雪花纯生啤酒6瓶+2份小食，88元抢原价470元特惠B套餐：啤酒12瓶（3选一）+3份小食	,套餐:特惠A套餐 ,19.9
【预售】【固城湖大闸蟹产地直发】99元抢原价150元大闸蟹8只！109元抢原价220元4对大闸蟹：母蟹2.5两+公蟹3两！江浙沪邮政EMS包邮！死蟹包赔，无黄包赔！,套餐:D套餐：4对螃蟹 母蟹3两/只，公蟹4两/只,258.0
【南京3店通用 | 韩式烤肉】仅59元抢原价92元安鹤宫料理石锅套餐！石锅拌饭+大酱汤+无骨鸡块，99元抢原价211元烤肉双人餐！,套餐:A：料理石锅套餐 ,59.0
【四店通用】仅16.9抢门市价36元爱啃猪蹄三选一套餐/门市价28元爱啃猪蹄秘制拌面三选一套餐，生活不只眼前的苟且还有时刻摆在面前的【卤猪蹄】~,猪蹄:A：猪蹄三选一套餐 ,16.9
【全国包邮】仅169元抢原价599元爱迪尔珠宝北斗七星项链1条！还加赠制定爱迪尔LOGO手机支架！独特的北斗七星造型别具魅力，让你的日常穿搭不显单调~,,169.0
【四店通用】仅16.9抢门市价36元爱啃猪蹄三选一套餐/门市价28元爱啃猪蹄秘制拌面三选一套餐，生活不只眼前的苟且还有时刻摆在面前的【卤猪蹄】~,猪蹄:B：拌面三选一套餐,16.9
【全国包邮】仅181元抢原价228元美心金装彩月月饼礼盒，248元抢原价298元美心双黄白莲蓉月饼礼盒 248，279元抢原价358元美心精选口味 限量版月饼礼盒，这个中秋小资一回~,美心月饼:美心金装彩月月饼礼盒 ,181.0
【全国包邮】198元抢市场价318元锦华松露流心奶黄月饼礼盒，锦华松露流心奶黄月饼一口爆浆，入口即溶堪称“舌尖上的尊贵”也是食客“心头上的美味”,,198.0
【三层防护口罩】19.9元抢原价98元100个装成人三层防护口罩，三层防护有效过滤！,,19.9
【古风摄影】仅69.9元抢门市价998元凤艺传古风摄影套餐，让照片定格精彩一刻，用镜头记录美好瞬间。在这里，找到不一样的自己,,69.9
直播秒杀价【四店通用】仅9.9元抢门市价36元爱啃猪蹄三选一套餐/门市价28元爱啃猪蹄秘制拌面三选一套餐，生活不只眼前的苟且还有时刻摆在面前的【卤猪蹄】~,猪蹄:A：猪蹄三选一套餐 ,9.9
直播秒杀【全国包邮】仅9.9元抢原价36元北海道圆脆饼干一箱6袋装！口味4选1： 豆乳味、蔬菜味、牛乳味、海盐味，奶香十足，香脆可口，快来一袋尝尝~,,9.9
直播秒杀【新街口/观者国际影城】仅45元抢门市价160元双人观影超值套餐，2张电影票+2份中份爆米花，极致高清视听震撼新体验高品质 低价格 真正的性价比之王,,45.0
直播秒杀价【四店通用】仅9.9元抢门市价36元爱啃猪蹄三选一套餐/门市价28元爱啃猪蹄秘制拌面三选一套餐，生活不只眼前的苟且还有时刻摆在面前的【卤猪蹄】~,爱啃猪蹄:A：猪蹄三选一套餐 ,9.9
【新街口/观者国际影城】仅49.9元抢门市价160元双人观影超值套餐，2张电影票+2份中份爆米花，极致高清视听震撼新体验高品质 低价格 真正的性价比之王,,49.9
直播秒杀价【四店通用】仅9.9元抢门市价36元爱啃猪蹄三选一套餐/门市价28元爱啃猪蹄秘制拌面三选一套餐，生活不只眼前的苟且还有时刻摆在面前的【卤猪蹄】~,猪蹄:B：拌面三选一套餐,9.9
直播秒杀价【四店通用】仅9.9元抢门市价36元爱啃猪蹄三选一套餐/门市价28元爱啃猪蹄秘制拌面三选一套餐，生活不只眼前的苟且还有时刻摆在面前的【卤猪蹄】~,爱啃猪蹄:B：拌面三选一套餐,9.9
直播秒杀价【 地铁4号线龙江地铁站附近】仅55元抢原价79元百年澡堂单人洗浴+自助餐（1餐）休闲娱乐，健康养生，好评5颗星，强烈推荐你！,,55.0
【苏蜀传奇】24.8元抢原价69元单人午市自助涮锅烤肉！34.8元抢原价79元单人晚市自助涮锅烤肉！超高性价比！ ,苏蜀小火锅:单人午市 ,24.8
【新街口/观者国际影城】仅119元抢门市价400元观影超值套餐，5张电影票+5份中份爆米花，极致高清视听震撼新体验高品质 低价格 真正的性价比之王,,119.0
【新街口】39元抢安臻美原价588元美肤套餐， 雪美人焕白管理 +补水嫩肤管理 +肩劲理疗艾灸 ，给你的皮肤来一次变美升级！,,39.0
直播结束 恢复爆品价【全国包邮】仅13.9元抢原价36元北海道圆脆饼干一箱6袋装！口味4选1： 豆乳味、蔬菜味、牛乳味、海盐味，奶香十足，香脆可口，快来一袋尝尝~,,13.9
【苏蜀传奇】24.8元抢原价69元单人午市自助涮锅烤肉！34.8元抢原价79元单人晚市自助涮锅烤肉！超高性价比！ ,苏蜀小火锅:单人晚市,34.8
【三层防护口罩】29.9元抢原价98元100个装成人三层防护口罩，三层防护有效过滤！,,29.9
【新街口印象汇】16.9元抢原价35元南小椰招牌经典椰奶清补凉+百香果冻，18.9元抢原价35元招牌经典椰奶清补凉23元+椰奶冻12元,南小椰:B套餐,18.9
11.4元抢市场价35.9元蜀大侠麻辣脆皮肠自热火锅,,11.4
【富克斯广场5楼|时代影城】仅24.9元抢原价45元单人观影券！9月超高质量大片等你来看！和小伙伴约起来~,,24.9
【四店通用】仅198抢门市价458元爱啃猪蹄中秋礼盒，猪蹄，牛肉，鸭头，鸡胗，鸭爪，一应俱全，中秋礼盒月饼~卤味~一步到位~,,198.0
直播结束 恢复爆品价【四店通用】仅16.9元抢门市价36元爱啃猪蹄三选一套餐/门市价28元爱啃猪蹄秘制拌面三选一套餐，生活不只眼前的苟且还有时刻摆在面前的【卤猪蹄】~,猪蹄:A：猪蹄三选一套餐 ,16.9
【夫子庙】29.9元抢门市价780元美肤套餐男女通用！9大项目！别犹豫，来Dr.ACNE痘院长，皮肤的变化看得见~超值！,,29.9
【森林摩尔艺术时尚街区】仅9.9元抢门市价45元居老汉罐罐饭单人，冬瓜海带排骨汤，土豆煨牛腩，莴笋焖咸鸭，红烧狮子头，香菇滑鸡一份（五选 一）+养生蒸鸡蛋 +酸梅汤+米饭,,9.9
【三层防护口罩】29.9元抢原价59元100个装成人三层防护口罩，三层防护有效过滤！,,29.9
4.4元抢原价13.8元老板仔辛辣海苔,,4.4
【全国包邮】13.9元抢门市价29元，不锈钢剪刀三件套：手工剪、厨房剪、家用剪 ，德国品质，一套剪刀搞定厨房 ,,13.9
【大行宫两店通用】仅39.9元抢原价680元『露儿美容养生套餐』2选1，专业的态度、耐心的服务、整洁的环境，心动不如行动~！,美容:A：美肤套餐 ,39.9
【固城湖大闸蟹产地直发】99元抢原价150元大闸蟹8只！109元抢原价220元4对大闸蟹：母蟹2.5两+公蟹3两！江浙沪邮政EMS包邮！死蟹包赔，无黄包赔！,套餐:B套餐：4对螃蟹 母蟹2.5两/只，公蟹3两/只,109.0
【大行宫两店通用】仅39.9元抢原价680元『露儿美容养生套餐』2选1，专业的态度、耐心的服务、整洁的环境，心动不如行动~！,美容:B：养生套餐,39.9
10元抢原价37.9元绿盛鱼柳夹心牛肉粒,,10.0
1.7元抢市场价8元张君雅白巧克力味甜甜圈,,1.7
2.9元抢市场价8.5元妈咪虾条,,2.9
1.7元抢市场价5.9元河马漫记薏米卷番茄味,,1.7
1.7元抢市场价10元张君雅麻辣风味休闲丸子,,1.7
15.5元抢市场价198元澳奔袋鼠西拉子干红,,15.5
3.6元抢市场价8元俞文清燕窝水,,3.6
17.2元抢市场价28元小肥羊自热火锅香辣羊肉,,17.2
17.1元抢原价45.9元大旺佰见辣脆虾片,,17.1
38.6元抢市场价99元爱神菲黑珍珠提亮精华面膜,,38.6
5.7元抢市场价11.9元南海椰林椰奶清补凉,,5.7
1.7元抢市场价8元张君雅墨西哥辣鸡味点心面,,1.7
1.25元抢市场价4元盼盼新虾条,,1.25
9.5元抢市场价18元星巴克锐能系列,,9.5
【巴布洛生态谷】99元抢原价518元畅玩特惠A套餐，199元抢原价658元畅玩特惠B套餐， 中央厨房产品+喂羊+水上高尔夫+越野卡丁车1辆+烧烤台...更多好玩等你来解锁,巴布洛:畅玩B套餐,199.0
【巴布洛生态谷】99元抢原价518元畅玩特惠A套餐，199元抢原价658元畅玩特惠B套餐， 中央厨房产品+喂羊+水上高尔夫+越野卡丁车1辆+烧烤台...更多好玩等你来解锁,巴布洛:畅玩A套餐 ,99.0
【三山街】99元抢门市价398元佰年足道精油SPA养生套餐 精油SPA50分钟+采耳/头疗20分钟/藏传泥灸30分钟（三选一）,,99.0
8.9元抢市场价19元新食机风味发酵乳,,8.9
【新街口印象汇】16.9元抢原价35元南小椰招牌经典椰奶清补凉+百香果冻，18.9元抢原价35元招牌经典椰奶清补凉23元+椰奶冻12元,南小椰:A套餐 ,16.9
【荣哲熙牛排自助】CFC生活广场店 39.9元抢门市价108单人经典套餐！59.9元抢门市价128单人尊享套餐！享受一场饕餮盛宴！,自助:A:单人经典套餐 ,39.9
【9店通用】仅39元抢门市价2428元臻极丽人会美容养生套餐，是时候放松一下了 ！让身心压力一扫而空~,,39.0
【漂亮妈妈14店通用】69元抢原价896元调理减脂A套餐，99元抢原价1892元熏蒸调理B套餐，158元抢原价2390元产后修复套餐,漂亮妈妈:A套餐调理减脂 ,69.0
【全国通用】仅58元抢价值1000元寄居蟹民宿体验卡Plus（单次）！可连住2晚中端/1晚高端，新老客户都可使用！全国105+家精品民宿任你选，快来一次说走就走的旅行~,,58.0
【三山街】69.9元抢门市价176元烤官达人碳锅鱼双人餐，麻辣碳锅鱼+配菜，花甲，花生还有酸梅汤，色香味俱全，好吃停不下来~！,,69.9
【全国通用】仅58元抢门市价：298元寄居蟹民宿体验卡Plus（单次）！可连住2晚中端/1晚高端，新老客户都可使用！全国105+家精品民宿任你选，快来一次说走就走的旅行~,,58.0
【全国顺丰冷链包邮】129元抢门市价298元恒都谷饲黒椒牛排*20+料包，让你在家就能享受西餐厅里的牛排！,,129.0
直播秒杀【新街口印象汇】12.9元抢原价35元招牌经典椰奶清补凉23元+椰奶冻12元,,12.9
直播秒杀【新街口印象汇】9.9元抢原价35元南小椰招牌经典椰奶清补凉+百香果冻,,9.9
【夫子庙班花串串】49.9元抢原价132元串串套餐，锅底+80根签荤素不限+考双百小吃+白盘任选1份！一起穿越到学生年代 ！,,49.9
【漂亮妈妈14店通用】69元抢原价896元调理减脂A套餐，99元抢原价1892元熏蒸调理B套餐，158元抢原价2390元产后修复套餐,漂亮妈妈:B套餐熏蒸调理,99.0
【新街口/江宁/龙江三店通用】39元抢门市价576元雅初瑜伽塑型理疗瑜伽精品课七选二！99元抢门市价880元普拉提大器械一对一私教课程1小时！人人都能变气质女神~ ,雅初瑜伽:A套餐塑型理疗瑜伽精品课七选二 ,39.0
【阿道夫洗护套装】仅69元抢门市价120元两瓶洗护组合（420g*2）送55g两瓶洗护组合+10g*10袋！有一种香叫阿道夫，全家需要的国际高端洗护！,,69.0
【新街口/江宁/龙江三店通用】39元抢门市价576元雅初瑜伽塑型理疗瑜伽精品课七选二！99元抢门市价880元普拉提大器械一对一私教课程1小时！人人都能变气质女神~ ,雅初瑜伽:B套餐普拉提大器械一对一私教,99.0
【扬州房车露营地】仅299元抢门市价2158元途居扬州房车+早餐+游乐园抵用券+CAR乐园免费券+森林公园门票+30元免费券+20元烧烤食材券+20元餐饮抵用券+私家车入园，来扬州体验不一样的旅行吧 ！,,299.0
【固城湖大闸蟹产地直发】99元抢原价150元大闸蟹8只！109元抢原价220元4对大闸蟹：母蟹2.5两+公蟹3两！江浙沪邮政EMS包邮！死蟹包赔，无黄包赔！,套餐:A套餐：8只母蟹 2两/只 ,99.0
【千年珠宝|江苏28店通用】75元抢原价599元笑脸钻石项链/欧美风钻石手镯，99元抢原价1999元小蛮腰合金镶钻钻石吊坠,千年珠宝套餐.:B:欧美风钻石手镯,75.0
【千年珠宝|江苏28店通用】75元抢原价599元笑脸钻石项链/欧美风钻石手镯，99元抢原价1999元小蛮腰合金镶钻钻石吊坠,千年珠宝套餐.:A:笑脸钻石项链 ,75.0
【汗蒸洗浴】19.9元抢门市价118元水悦汗蒸单人浴资，多项目一票通用，任你畅玩一整天~赶紧囤上一份！,,19.9
【斯达营地】仅19.9元抢原价199元半日军事CS营，get户外冒险技能，探索自然、释放孩子的天性，焕发无穷的想象力！,,19.9
【千年珠宝|江苏28店通用】75元抢原价599元笑脸钻石项链/欧美风钻石手镯，99元抢原价1999元小蛮腰合金镶钻钻石吊坠,千年珠宝套餐.:C:小蛮腰钻石项链,99.0
【六店通用·慢面包】仅15.8元/28.8元享四寸盒子蛋糕1个/四寸蛋糕盒子2个！芒果、草莓、抹茶、奥利奥，多种口味与造型萌翻你的少女心！,蛋糕盒子:2个4寸蛋糕盒子,28.8
【江浙沪皖顺丰包邮|南京可自提】298元抢门市价668元南林雅致燕窝经典款6瓶（40g*6）干燕窝含量1.3g，固形物含量35%，古法手工挑毛约1500次，开盖直接食用。,燕窝:快递 ,298.0
【囧吉香生蚝，南京生蚝界の王者】仅9.9元即可享受100元购买原价380元10只进口生蚝优惠资格，劲省280元！营养丰富，不可多得的美味。,,9.9
【限南京地区配送】59.9元抢原价88元慢面包手工冰皮月饼一盒（6块混合口味），超高颜值的冰皮，6种口味一次get~,,59.9
【全国包邮】22.9元抢门市价39元德福一品蛋黄酥一盒12枚，39.9元抢两盒，采用真材实料，香甜不腻，老少皆宜。,蛋黄酥:B:两盒12枚*2,39.9
【全国包邮】22.9元抢门市价39元德福一品蛋黄酥一盒12枚，39.9元抢两盒，采用真材实料，香甜不腻，老少皆宜。,蛋黄酥:A：一盒12枚 ,22.9
【全国包邮】69.9元抢原价99元欣跃天地自热米饭8盒（4种口味，各2盒），四种口味满足味蕾随时随地轻松享受美味~,,69.9
【贤合庄两店通用】9.9元抢贤合庄100元代金券！卤味锅底满满煮开，飘香整家店，来这里吃火锅，撞星率超高！,,9.9
【夫子庙班花串串】49.9元抢原价132元串串套餐，锅底+80根签荤素不限+考双百小吃+盘菜白盘任选1份+面纸一盒！一起穿越到学生年代 ！,,49.9
【江宁丰硕农场】仅9.9元购门市价39元【丰硕农场】家庭畅玩券！农场赶大雁+捡鸡蛋+喂养小动物+挖野菜+农场观光+捉泥鳅 +钓鱼+可采摘2斤有机蔬菜带走+赠送100元农家餐抵用金，尽情享受时光！,,9.9
【六店通用·慢面包】仅15.8元/28.8元享四寸盒子蛋糕1个/四寸蛋糕盒子2个！芒果、草莓、抹茶、奥利奥，多种口味与造型萌翻你的少女心！,蛋糕盒子:1个4寸蛋糕盒子 ,15.8
直播秒杀【全国包邮】19.9元抢门市价39元德福一品蛋黄酥一盒12枚，香甜不腻，老少皆宜。,,19.9
【黑龙吃肉酒馆】珠江路沿线|118元抢原价348元双人餐！一站式体验酒吧+火锅的双重快乐！有酒有肉才是生活真谛！ ,,118.0
【河西朗昇希尔顿】仅209元抢原价296元单人自助晚餐（可携带一名1.2米以下儿童）海鲜、甜品、日料……超多美食等你来吃~,,209.0
【非常女子】仅299元抢原价2300元全家福摄影套餐，服装造型每人两组+拍摄50张以上+12张精修入册（精修拷贝赠送）+八寸台历相册 + 20寸放大水晶版画,,299.0
【艾尚天地|集渔冬阴功火锅】188元抢2~3人堂食套餐！火热东南亚风情！等你来尝！火爆各地的TA来啦！性价比爆表！,,188.0
直播秒杀【全国包邮】36.9元抢门市价78元德福一品蛋黄酥两盒24枚，采用真材实料，香甜不腻，老少皆宜。,,36.9
【李佳琪强烈推荐 | 临安山核桃仁 |】39.9元抢原价69元山核桃仁150g/罐*4，69.9元抢原价139元山核桃 仁150g/罐*10，个大饱满，饱满酥脆，营养健康超好吃～,临安山核桃:B套餐： 山核桃仁150g/罐*10,69.9
【李佳琪强烈推荐 | 临安山核桃仁 |】39.9元抢原价69元山核桃仁150g/罐*4，69.9元抢原价139元山核桃 仁150g/罐*10，个大饱满，饱满酥脆，营养健康超好吃～,临安山核桃:A套餐： 山核桃仁150g/罐*4 ,39.9
【金陵小夫妻木炭全羊馆|两店通用】79.9元抢原价260元2-3人套餐，木炭全羊锅一份，6份蔬菜（鸭血、土豆、生菜、干丝、面筋包、粉丝），凉拌鸭胗一份，盐水花生一份,,79.9
 【老船长】仅88元享门市价288元猪肚鸡套餐！（​虫草松茸猪肚鸡+广东清远鸡+虫草+松茸+黑猪肚+潮汕手打肉丸+手打牛肉滑+豆腐皮+魔芋节+玉米+生菜....）,,88.0
【二喜自助鱼蛙火锅】新街口|火锅界超强CP“鱼蛙”来袭！79元购门市价178元牛蛙黑鱼晚市自助火锅！不限量随便吃！酒水饮料任喝！,,79.0
【精选砀山黄桃，一口半个桃！】29.9元抢门市价45元黄桃罐头425g*5罐！藏着无与伦比的鲜嫩，VC都快溢出来啦！超Q弹,,29.9
【T3出行|限南京用户使用】1元秒杀T3出行新用户101元打车券大礼包，老用户2张6元无门槛立减券！ ,,1.0
【荣哲熙牛排自助】CFC生活广场店 39.9元抢门市价108单人经典套餐！享受一场饕餮盛宴！,,39.9
【全国包邮】13.9元抢门市价29元，拜格不锈钢剪刀三件套：手工剪、厨房剪、家用剪 ，德国品质，一套剪刀搞定厨房 ,,13.9
【固城湖大闸蟹产地直发】99元抢原价150元大闸蟹8只！109元抢原价220元4对大闸蟹：母蟹2.5两+公蟹3两！江浙沪邮政EMS包邮！死蟹包赔，无黄包赔！,套餐:C套餐：4对螃蟹 母蟹2.5两/只，公蟹3.5两/只,160.0
【鼓楼|巷陌繁花酒吧】仅9.9元抢门市价376元/292元繁花酒吧A套餐青岛啤酒（或同品类）12瓶+坚果+精致果盘，B套餐莫吉托一扎/长岛冰茶一扎（二选一）+精致果盘+坚果,巷陌繁花:A套餐 ,9.9
【李佳琪强烈推荐 | 临安山核桃仁 |】39.9元抢原价69元山核桃仁135-140g/罐*4，69.9元抢原价139元山核桃 仁135g~140g/罐*10，个大饱满，饱满酥脆，营养健康超好吃～,核桃:B套餐  山核桃仁*10罐,69.9
【鼓楼|巷陌繁花酒吧】仅9.9元抢门市价376元/292元繁花酒吧A套餐青岛啤酒（或同品类）12瓶+坚果+精致果盘，B套餐莫吉托一扎/长岛冰茶一扎（二选一）+精致果盘+坚果,巷陌繁花:B套餐,9.9
【三店通用/经络堂——点评网推荐五星好店】仅68元购价值980元肩颈、腰部推拿+汗蒸+沐浴+精油套餐，休闲养生安排上~,,68.0
【李佳琪强烈推荐 | 临安山核桃仁 |】39.9元抢原价69元山核桃仁135-140g/罐*4，69.9元抢原价139元山核桃 仁135g~140g/罐*10，个大饱满，饱满酥脆，营养健康超好吃～,核桃:A套餐 山核桃仁*4罐 ,39.9
【固城湖大闸蟹产地直发】99元抢原价150元大闸蟹8只！109元抢原价220元4对大闸蟹：母蟹2.2两+公蟹3两！江浙沪邮政EMS包邮！死蟹包赔，无黄包赔！,大闸蟹:D套餐：4对螃蟹 母蟹3两/只，公蟹4两/只,258.0
【全国通用】24.9元抢门市价33元肯德基老北京鸡肉卷两份，性价比高到惊人好吗，还在等啥？赶紧抢啊！,,24.9
【全国通用】星巴克折扣年卡，9.9元享【星巴克·折扣年卡】1张！全国星巴克在线点单低至6折起，最多可省9.4元一杯！还能吃喝玩乐一键省钱！,,9.9
【麦当劳洪武路店/三牌楼店/大桥南路店】三店通用！嗨皮独家大优惠！！27.9元抢麦当劳51.5元单人套餐， 53.9元抢麦当劳102元双人套餐,套餐:单人套餐 ,27.9
【麦当劳洪武路店/三牌楼店/大桥南路店】三店通用！嗨皮独家大优惠！！27.9元抢麦当劳51.5元单人套餐， 53.9元抢麦当劳102元双人套餐,套餐:双人套餐,53.9
【国庆专属福利】29.9元购原价53元时代影城电影兑换通用券，各位影迷抢先购买好位置哦~,,29.9
【玄武湖｜国庆特惠】  110元起中南玄武湖菱洲生态乐园畅玩票，双人票/亲子票/家庭票，冒险杂技、童话巡游！还有超多惊喜等你pick！ ,玄武湖:双人票 ,130.0
【固城湖大闸蟹产地直发】99元抢原价150元大闸蟹8只！109元抢原价220元4对大闸蟹：母蟹2.2两+公蟹3两！江浙沪邮政EMS包邮！死蟹包赔，无黄包赔！,大闸蟹:A套餐：8只母蟹 2两/只 ,99.0
【溧阳丨国庆加价可用】¥199起抢|花筑·奢野别院两天一晚/三天两晚度假套餐！入住豪华家庭套房，食天目湖鱼头汤，享两大一小早餐，有效期至年底～,花筑-奢野别院:A套餐 两天一晚度假套餐 ,199.0
【玄武湖｜国庆特惠】  110元起中南玄武湖菱洲生态乐园畅玩票，双人票/亲子票/家庭票，冒险杂技、童话巡游！还有超多惊喜等你pick！ ,玄武湖:亲子票,110.0
【苏蜀传奇】24.8元抢原价69元单人午市自助涮锅烤肉！超高性价比！ ,,24.8
【全国包邮】69.9元抢原价99元欣跃天地自热米饭8盒（4种口味，各2盒），四种口味满足味蕾随时随地轻松享受美味~,,69.9
【全国包邮】仅29.9元抢门市价119元形象美 洗护浴三件套血橙沐浴乳一瓶550ML，生姜洗发水一瓶300ML，生姜护发水一瓶300ML ,,29.9
【全国包邮】仅188抢门市价420元400ml兰蔻大粉水一瓶，周冬雨、吴亦凡都在用的兰蔻大粉水，旗舰店销量第一，补水又保湿,,188.0
【重庆高老九火锅】 艾尚天地|188元抢门市价512元3-4人火锅套餐！鸳鸯锅底+美蛙+龙盘肉+火锅组合+乌鸡卷+巴沙鱼+午餐肉...,,188.0
【全国包邮】仅19.9抢门市价59元形象美绵羊油保湿霜140g两瓶，滋润补水，四季可用，一瓶多效，全身可用。,,19.9
【鼓楼|巷陌繁花酒吧】酒吧中的王炸来了！9.9元=12瓶啤酒/莫吉托/长岛冰茶+2份坚果+1份精致果盘，带你嗨翻整个长夜！！！,巷陌繁花:B套餐,9.9
【全国包邮】仅19.9抢门市价40元形象美蜂蜜保湿护手霜 / 珍珠倍润护手霜 / 乳木果柔嫩护手霜/ 玫瑰水漾护手霜（60G)，四选 二，/门市价49元B套餐马油护手霜（30G)一支 ，用心呵护您的手保持最年轻的状态,护手霜:蜂蜜保湿护手霜 / 珍珠倍润护手霜 / 乳木果柔嫩护手霜/ 玫瑰水漾护手霜（60G)四选 二 ,19.9
【南湖东路｜杨记潮汕鲜牛肉牛杂火锅】仅99元抢门市价307元2-3人套餐！凭借一口鲜牛肉火锅制霸全场！人均33元即可打卡！,,99.0
【TOPBABY｜六店通用】49.9元抢购价值1588金牛台历拍摄，仅限500份！抢完即止！金牛送福，潮宝迎春！南京六区均可拍摄（鼓楼/玄武/栖霞/桥北/雨花/江宁）,,49.9
【鼓楼|巷陌繁花酒吧】酒吧中的王炸来了！9.9元=12瓶啤酒/莫吉托/长岛冰茶+2份坚果+1份精致果盘，带你嗨翻整个长夜！！！,巷陌繁花:A套餐 ,9.9
预售【高淳金沙水城】小伙伴们快和家人们来金沙水城泡澡吧~19.9元抢原价59元单人浴资+自助餐，59.9元抢原价139元两大一小：浴资+自助餐。吃喝玩乐一站搞定！,金沙水城套餐:两大一小：浴资 自助餐,59.9
【琦品｜新街口/江宁店】98元抢原价1288元瑞士活细胞嫩肤透白/泰国 进口精油经络肩颈二选一，为女性打造100%尊贵体验,琦品:瑞士面部活细胞嫩肤透白 ,98.0
预售【高淳金沙水城】小伙伴们快和家人们来金沙水城泡澡吧~19.9元抢原价59元单人浴资+自助餐，59.9元抢原价139元两大一小：浴资+自助餐。吃喝玩乐一站搞定！,金沙水城套餐:单人浴资 自助餐 ,19.9
【琦品｜新街口/江宁店】98元抢原价1288元瑞士活细胞嫩肤透白/泰国 进口精油经络肩颈二选一，为女性打造100%尊贵体验,琦品:泰国进口精油经络肩颈SPA,98.0
【两店通用】仅58元抢门市价1280元L&C .DELICACY美学馆 美肤美睫套餐，超微气泡肌底清洁一次，沙漠肌水分再生一次，美白三部曲一次，蚕丝轻感美睫一次（10天内免费修补一次 ）还不来变美嘛？,,58.0
【全国包邮】仅19.9抢门市价40元形象美蜂蜜保湿护手霜 / 珍珠倍润护手霜 / 乳木果柔嫩护手霜/ 玫瑰水漾护手霜（60G)，四选 二，/门市价49元B套餐马油护手霜（30G)一支 ，用心呵护您的手保持最年轻的状态,护手霜:马油护手霜（30G)一支  ,19.9
测试秒杀【新街口/杰克地方】仅59元抢门市价147元牛排单人套餐特级西冷牛排，田园沙拉，意式蔬菜汤，味蕾和视觉的双重盛宴~,,59.0
【新街口淘淘巷香港城，无需预约】只做当日新鲜好牛肉！仅59/99元享门市价128/258元【潮徽臻牛鲜牛肉】牛骨单人套餐/2-3人火锅套餐,潮徽臻秦:2-3人火锅套餐,99.0
【嗨皮优惠专属福利】29.9元购原价53元时代影城电影兑换通用券，各位影迷抢先购买好位置哦~,,29.9
【新街口/杰克地方】仅59元抢门市价147元牛排单人套餐特级西冷牛排，田园沙拉，意式蔬菜汤，味蕾和视觉的双重盛宴~,,59.0
【全国包邮】88元抢原价199元意大利C&C羊羔绒围巾1条，自带一份尊贵优雅，穿围两用，气质加成！,,88.0
限量秒杀【鼓楼|巷陌繁花酒吧】酒吧中的王炸来了！9.9元=12瓶啤酒/莫吉托/长岛冰茶+2份坚果+1份精致果盘，带你嗨翻整个长夜！！！,巷陌繁花套餐:A套餐 ,9.9
直播秒杀【全国包邮】仅9.9抢门市价59元形象美绵羊油保湿霜140g两瓶，滋润补水，四季可用，一瓶多效，全身可用。,,9.9
 直播秒杀【老船长】仅19.9元享门市价288元猪肚鸡套餐！（​虫草松茸猪肚鸡+广东清远鸡+虫草+松茸+黑猪肚+潮汕手打肉丸+手打牛肉滑+豆腐皮+魔芋节+玉米+生菜....）,,19.9
直播秒杀【金陵小夫妻木炭全羊馆|两店通用】19.9元抢原价260元2-3人套餐，木炭全羊锅一份，6份蔬菜（鸭血、土豆、生菜、干丝、面筋包、粉丝），凉拌鸭胗一份，盐水花生一份,,19.9
【新街口淘淘巷香港城，无需预约】仅69元享门市价128元签味烧烤双人餐，羊肉串、鱼豆腐、烤面筋、秋刀鱼、蒜泥扇贝、韭菜 ……荤素的完美搭配丰富你的味蕾,,69.0
【建邺|缤润汇】仅39元抢原价1380元HANA美学皮肤管理中心酵素浴套餐！日本暴瘦酵素浴， 深层水漾活肤光彩SPA，，日本晓姿眼部活化管理，背部脂刷一次 （四选 三），,,39.0
限量秒杀【鼓楼|巷陌繁花酒吧】酒吧中的王炸来了！9.9元=12瓶啤酒/莫吉托/长岛冰茶+2份坚果+1份精致果盘，带你嗨翻整个长夜！！！,巷陌繁花套餐:B套餐,9.9
直播间秒杀【全国通用】19.9元抢门市价33元肯德基老北京鸡肉卷两份，性价比高到惊人好吗，还在等啥？赶紧抢啊！,,19.9
【三店通用/经络堂—体重管理套餐】仅68元购价值1288元体重管理推拿+汗蒸+沐浴+推拿+红外线理疗套餐  ，体重管理安排上~,,68.0
直播秒杀【全国包邮】59元抢原价99元欣跃天地自热米饭8盒（4种口味，各2盒），四种口味满足味蕾随时随地轻松享受美味~,,59.0
【张府园地铁站】仅17.9元抢原价33元柒也家招牌手打虾滑1份+鳕鱼滑1份，享受吃虾滑的快乐~,,17.9
【浦口金盛田广场】仅79元抢原价179元唯二小馆牛蛙双人套餐，现杀三斤牛蛙+莴笋+藕+土豆+手指年糕+洋葱+酸梅汁1扎+2份餐具，丰富的菜品、麻辣的鲜香，还不快来尝尝~,,79.0
【都野菜寿喜锅】江宁万达|95元抢门市价168单人自助套餐！火爆吃货圈的日式寿喜烧入驻南京！高品质牛肉不限量供应,,95.0
【雅宴精致涮涮锅/3店通用】39.9元单人晚市自助火锅！人气自助小火锅蔬菜肉肉等各类美食一次性满足所有人的口味！ ,,39.9
【苜蓿园｜卡裴娜小馆】99元享门市价473元的卡裴娜小馆双人餐！澳洲沙朗牛肉+秘制鸡翅+卡裴娜经典薯条+ 慕尼黑白肠+ 意大利肉酱芝士焗...超多美味,,99.0
【1345水晶蓝湾汗蒸温泉会馆】仅39元/59元抢超值单人/亲子洗浴套餐，洗浴、汗蒸、儿童戏水、住宿、娱乐，一站式休闲娱乐,洗浴:亲子洗浴,59.0
【1345水晶蓝湾汗蒸温泉会馆】仅39元/59元抢超值单人/亲子洗浴套餐，洗浴、汗蒸、儿童戏水、住宿、娱乐，一站式休闲娱乐,洗浴:单人浴资 ,39.0
【鸡鸣汤包/夫子庙店】19.9元双人餐！鸡汁汤包+鸭血粉丝汤+赤豆酒酿元宵或桂花糖芋苗，百年老店，不忘初心，品味最熟悉的老味道！,,19.9
【两店通用】仅29.9元抢门市价106元京笙韩国炸鸡套餐，韩国炸鸡半只，6块无骨鸡肉，霸王薯条一份，可乐一听,,29.9
【全国包邮】仅79元抢购门市价159.9元万亩稻 长粒香蟹稻胚芽米1kg*5块，只为让千家万户的家庭吃上新鲜健康营养的好大米,,79.0
【汉中门/河西万达/苏宁清江三店通用】58元抢门市价398元LOUIS轻奢芳香PSA套餐，芳香精油背部SPA（45分钟） 两次，男女不限，休闲养生放松一下~,,58.0
【建邺区缤润汇】9.9元抢原价100元九田家黑牛烤肉料理代金券，烤肉界的爱马仕，快来打卡吧~,,9.9
限时买一送一【建邺|缤润汇】仅39元抢原价1380元HANA美学皮肤管理中心酵素浴套餐！日本暴瘦酵素浴， 深层水漾活肤光彩SPA，，日本晓姿眼部活化管理，背部脂刷一次 （四选 三），,,39.0
限时秒杀【三店通用/经络堂——点评网推荐五星好店】仅39元购价值980元肩颈、腰部推拿+汗蒸+沐浴+精油套餐，休闲养生安排上~,,39.0
【老鼓楼鸡鸣汤包/夫子庙店】19.9元双人餐！鸡汁汤包+鸭血粉丝汤+赤豆酒酿元宵或桂花糖芋苗，百年老店，不忘初心，品味最熟悉的老味道！,,19.9
限时秒杀【新街口淘淘巷香港城，无需预约】只做当日新鲜好牛肉！仅19.9元享门市价128元【潮徽臻牛鲜牛肉】牛骨单人套餐,,19.9
限时秒杀【苜蓿园｜卡裴娜小馆】39.9元享门市价473元的卡裴娜小馆双人餐！澳洲沙朗牛肉+秘制鸡翅+卡裴娜经典薯条+ 慕尼黑白肠+ 意大利肉酱芝士焗...超多美味,,39.9
限时秒杀【新街口/杰克地方】仅19.9元抢门市价147元牛排单人套餐特级西冷牛排，田园沙拉，意式蔬菜汤，味蕾和视觉的双重盛宴~,,19.9
限时秒杀【张府园地铁站】仅9.9元抢原价33元柒也家招牌手打虾滑1份+鳕鱼滑1份，享受吃虾滑的快乐~,,9.9
【新街口】仅19.9元抢门市价138元芭比馆体验换装1小时单套 ，仅59元抢门市价228元芭比馆体验换装3小时不限套 ，粉嫩芭比屋，满足你的少女心！,芭比:芭比馆体验换装1小时单套  ,19.9
【建邺区|万达】仅39元抢门市价724元想de美美容套餐，仅49元抢门市价794元想de美养生套餐，送你一份美丽/健康大礼每个女孩都值得拥有~,想:美容套餐,49.0
限时秒杀【苜蓿园｜卡裴娜小馆】59.9元享门市价473元的卡裴娜小馆双人餐！澳洲沙朗牛肉+秘制鸡翅+卡裴娜经典薯条+ 慕尼黑白肠+ 意大利肉酱芝士焗...超多美味,,59.9
【新街口】仅19.9元抢门市价138元芭比馆体验换装1小时单套 ，仅59元抢门市价228元芭比馆体验换装3小时不限套 ，粉嫩芭比屋，满足你的少女心！,芭比:芭比馆体验换装3小时不限套,59.0
【全国通用】仅199元抢价值688元寄居蟹民宿享旅卡！可连住4间夜（2晚高端+2晚中端）！全国近130+民宿可用！,,199.0
【三层防护口罩】25.9元抢原价69元100个装成人/儿童三层防护口罩，29.9元抢原价79元儿童三层防护口罩（小熊款），三层防护有效过滤！,口罩款式:儿童100只（无图案）,25.9
【五店通用，奇迹健身】仅19.9元抢原价899元奇迹健身+游泳半月（15天）体验卡，你就是下一个行走的荷尔蒙！,,19.9
【三层防护口罩】25.9元抢原价69元100个装成人/儿童三层防护口罩，29.9元抢原价79元儿童三层防护口罩（小熊款），三层防护有效过滤！,口罩款式:成人100只（无图案） ,25.9
【卤人甲|新街口店】19.9元单人豪华套餐！凭借一份黄金炸鸡爪成功出圈！堪称卤炸界大佬！现卤现炸！匠心制作！,,19.9
【三层防护口罩】25.9元抢原价69元100个装成人/儿童三层防护口罩，29.9元抢原价79元儿童三层防护口罩（小熊款），三层防护有效过滤！,口罩款式:儿童100只（小熊款）,29.9
【全国包邮】仅59.9元抢门市价89元彩狸天然皂露洗衣液，温和去污、洁净留香，浓浓的薰衣草香味   让你仿佛置身在薰衣草的海洋,,59.9
【建邺区|万达】仅39元抢门市价724元想de美美容套餐，仅49元抢门市价794元想de美养生套餐，送你一份美丽/健康大礼每个女孩都值得拥有~,想:养生套餐 ,39.0
【全国包邮|双十一巨献】仅29.9抢门市价99元N95口罩*20，专业配置，让防护更舒适,,29.9
【四店通用|爱啃猪蹄】仅13.9元抢门市价22元秘制卤肉饭，18.9元抢门市价28元黄豆炖猪蹄饭，16.9元抢门市价30元炸猪蹄/卤猪蹄/炸猪手圈（三选一）,爱啃猪蹄:A套餐： 秘制卤肉饭一份 ,13.9
【江浙沪皖顺丰包邮|南京可自提】58元抢门市价128元南林雅致燕窝玉玺款40克/*1礼盒 ，99元抢门市价228元南林雅致燕窝小经典款75克/瓶*3 礼盒 古法手工挑毛约1500次，开盖直接食用。,南林:A套餐： 玉玺款40克/*1， 礼盒  ,58.0
【五店通兑，奇迹健身】仅19.9元抢原价899元奇迹健身+游泳半月（15天）体验卡，你就是下一个行走的荷尔蒙！,,19.9
【呷哺呷哺|南京9店通用】69元抢原价116元双人餐！20年品牌！保证带来品质和口味如一！一人一锅，霸气开涮！,,69.0
【南京凤凰台饭店· 海鲜自助餐】玄武湖|凤凰台上凤凰游！79元抢单人节假日周末午市自助餐！ 各种美食统统放进畅吃清单！带上你的小伙伴快来赴约吧！,,79.0
【四店通用|爱啃猪蹄】仅13.9元抢门市价22元秘制卤肉饭，18.9元抢门市价28元黄豆炖猪蹄饭，16.9元抢门市价30元炸猪蹄/卤猪蹄/炸猪手圈（三选一）,爱啃猪蹄:C套餐： 炸猪蹄/卤猪蹄/炸猪手圈，三选一,16.9
【建邺万达旁•集庆门大街站7B号口】小红书流行的齿轮洞穴音乐餐吧来啦！9.9/138元享购门市价297/1199元的潮向酒廊套餐，百威啤酒，酒鬼花生，香辣薯角，精美果盘， 恶魔野格力娇.......,潮向酒廊套餐:B套餐 ,138.0
【江浙沪皖顺丰包邮|南京可自提】58元抢门市价128元南林雅致燕窝玉玺款40克/*1礼盒 ，99元抢门市价228元南林雅致燕窝小经典款75克/瓶*3 礼盒 古法手工挑毛约1500次，开盖直接食用。,南林:B套餐： 小经典款75克/瓶*3 ，礼盒 ,99.0
【建邺万达旁•集庆门大街站7B号口】小红书流行的齿轮洞穴音乐餐吧来啦！9.9/138元享购门市价297/1199元的潮向酒廊套餐，百威啤酒，酒鬼花生，香辣薯角，精美果盘， 恶魔野格力娇.......,潮向酒廊套餐:A套餐 ,9.9
【四店通用|爱啃猪蹄】仅13.9元抢门市价22元秘制卤肉饭，18.9元抢门市价28元黄豆炖猪蹄饭，16.9元抢门市价30元炸猪蹄/卤猪蹄/炸猪手圈（三选一）,爱啃猪蹄:B套餐：黄豆炖猪蹄饭一份,18.9
【限江浙沪，顺丰空运】仅69.9元抢市场价119元棠小一榴莲千层六寸，精选马来西亚优质苏丹王榴莲果肉，快和心爱的TA分享，简直Sweet♥到爆！,,69.9
直播秒杀【四店通用|爱啃猪蹄】9.9元抢门市价30元炸猪蹄/卤猪蹄/炸猪手圈（三选一）,,9.9
直播秒杀【江浙沪皖顺丰包邮|南京可自提】19.9元抢门市价128元南林雅致燕窝玉玺款40克/*1礼盒,,19.9
直播秒杀【江浙沪皖顺丰包邮|南京可自提】59元抢门市价228元南林雅致燕窝小经典款75克/瓶*3 礼盒,,59.0
直播秒杀【四店通用|爱啃猪蹄】9.9元抢门市价30元烤蜜薯一份+雪燕桃胶羹一份,,9.9
【万圣节亲子活动】19.9元抢原价198元美乐万圣节亲子活动套餐1份，万圣南瓜灯制作（实物南瓜）+万圣商场巡游（赠送万圣节定制服装一套），快来一起度过一个难忘的万圣节,,19.9
预售【南京南站/海韵之星限时抢购】129元抢门市价218元海韵之星油轮单人船票+自助餐（一餐）纯正的韩式汗蒸养生，一站式的休闲娱乐~！,,129.0
【抖音网红爆款，平台疯狂补贴，全国包邮】9.9元抢原价39.9元 的甘滋罗手工巧克力“一鹿有你”礼盒装，纯可可脂+新西兰牛乳，天然更健康！,,9.9
直播秒杀【四店通用|爱啃猪蹄】仅9.9元抢门市价22元秘制卤肉饭,,9.9
直播秒杀【四店通用|爱啃猪蹄】9.9元抢门市价28元黄豆炖猪蹄饭,,9.9
【高虾神】莫愁湖|蛙～蛙～蛙！自助火锅界蕞强CP美蛙+酱大骨来袭！58元抢门市价168元单人美蛙酱大骨自助！ ,,58.0
直播秒杀【怡康街】仅59元抢门市价308元炮锅蛙蛙牛蛙套餐，10只牛蛙（四种口味锅底任选）+鸭血+老豆腐+午餐肉+平茹+豆芽+四川泡菜,,59.0
【安吉】¥399抢安吉木美鸟铂锐度假酒店度假套餐！住豪华房，A:游七彩山地亲子乐园！B:游潴口溪水上乐园漂流或者飞艇2选1！住豪华房！吃美食！玩盛夏！,度假套餐:A套餐：豪华房（大床/双床）/晚 七彩山地亲子乐园 ,399.0
【怡康街】仅99元抢门市价308元炮锅蛙蛙牛蛙套餐，10只牛蛙（四种口味锅底任选）+鸭血+老豆腐+午餐肉+平茹+豆芽+四川泡菜,,99.0
【四店通用|爱啃猪蹄】仅13.9元抢门市价22元秘制卤肉饭，18.9元抢门市价28元黄豆炖猪蹄饭，16.9元抢门市价30元炸猪蹄/卤猪蹄/炸猪手圈（三选一）,爱啃猪蹄:D套餐：烤蜜薯一份 雪燕桃胶羹一份,15.9
【莫干山】纯木质古朴中式宅院，¥299入住花筑·莫干山瑶庄客栈/晚，享免费早餐、店内娱乐设施、店内用餐9折优惠，有效期至明年3月～归隐山水间，享清风明月,,299.0
【涵碧楼】南京顶级高端五星级自助！168元抢原价399元Ho Jia9风味主食4选1+单人自助餐，288元抢原价Ho Jia9精选牛排3选 1+单人自助餐，248元抢原价488元单人自助餐,涵碧楼:B套餐：Ho Jia9精选牛排3选 1 单人自助餐,288.0
【涵碧楼】南京顶级高端五星级自助！168元抢原价399元Ho Jia9风味主食4选1+单人自助餐，288元抢原价Ho Jia9精选牛排3选 1+单人自助餐，248元抢原价488元单人自助餐,涵碧楼:C套餐：单人自助餐,248.0
【德盈国际广场】仅39.8元抢原价1870元L.SPA美容美甲养生套餐：纯色美甲+小气泡+脱毛一次+肩颈疏通单次+身体减脂一次+艾灸月卡（不限次）,,39.8
【涵碧楼】南京顶级高端五星级自助！168元抢原价399元Ho Jia9风味主食4选1+单人自助餐，288元抢原价Ho Jia9精选牛排3选 1+单人自助餐，248元抢原价488元单人自助餐,涵碧楼:A套餐：Ho Jia9风味主食4选1 单人自助餐 ,168.0
【海码头海鲜烧烤城】南湖东路|秋日第一份烤羊腿！仅售88元！即可获得门市价358元的3-4人烤羊腿套餐！满足你的吃肉欲望 ,,88.0
【秦淮区|仙鹤街】仅99元抢门市价232元蚝鲜生加油站双人套餐，高压锅蒸汽生蚝大号（6只）+清蒸红石斑+烤白虾（5串）+天尝里脊（10串 ）...饕餮海鲜盛宴，手掌大的生蚝！,,99.0
【全国包邮】仅39.9元抢门市价68元棠小一半熟芝士蛋糕，4颗*36g/盒*2，不腻，不齁，清甜，让人吃了一个，还想要再吃一个！,,39.9
【水西门大街】仅99元抢原价256元羊老爷羊肉锅 2-3人套餐！羔羊卷，手切羊肉，乌鸡卷，鸭血，墨鱼丸......朋友聚餐的绝佳选择~,,99.0
【建邺万达旁•集庆门大街站7B号口】小红书流行的齿轮洞穴音乐餐吧来啦！9.9/138元享购门市价297/1199元的潮向酒廊套餐，百威啤酒，酒鬼花生，香辣薯角，精美果盘， 恶魔野格力娇.......,潮向酒廊套餐:A套餐 ,9.9
【全国包邮】仅19.9抢门市价40元形象美蜂蜜保湿护手霜 / 珍珠倍润护手霜 / 乳木果柔嫩护手霜/ 玫瑰水漾护手霜（60G)，四选 二，/门市价49元B套餐马油护手霜（30G)一支 ，用心呵护您的手保持最年轻的状态,护手霜:蜂蜜保湿护手霜 / 珍珠倍润护手霜 / 乳木果柔嫩护手霜/ 玫瑰水漾护手霜（60G)四选 二 ,19.9
【新街口/杰克地方】仅59元抢门市价147元牛排单人套餐特级西冷牛排，田园沙拉，意式蔬菜汤，味蕾和视觉的双重盛宴~,,59.0
【江宁翠屏国际 | 沐槿宫】159元抢原价237元一大一小洗浴+自助，269元抢原价415元两大一小洗浴+自助，休闲放松，快和小伙伴一起打卡吧,沐槿宫.:A套餐： 一大一小（洗浴 自助） ,159.0
【建邺|缤润汇】仅39元抢原价1380元HANA美学皮肤管理中心酵素浴套餐！日本暴瘦酵素浴， 深层水漾活肤光彩SPA，，日本晓姿眼部活化管理，背部脂刷一次 （四选 三），,,39.0
【全国通用】随处畅游度假卡，999元5晚任意拆分，每晚仅需199元，两天一晚住星级酒店，承包您的5次假期~【激活后1年内有效】承包你的十一假期出游~,,999.0
【建邺万达旁•集庆门大街站7B号口】小红书流行的齿轮洞穴音乐餐吧来啦！9.9/138元享购门市价297/1199元的潮向酒廊套餐，百威啤酒，酒鬼花生，香辣薯角，精美果盘， 恶魔野格力娇.......,潮向酒廊套餐:B套餐 ,138.0
直播秒杀【秦淮区|仙鹤街】仅59元抢门市价232元蚝鲜生加油站双人套餐，高压锅蒸汽生蚝大号（6只）+清蒸红石斑+烤白虾（5串）+天尝里脊（10串 ）...饕餮海鲜盛宴，手掌大的生蚝！,,59.0
【千年珠宝|江苏27店通用】79元抢原价199元环环相扣钻石项链，89元抢原价289元四叶草水晶玛瑙项链，99元抢原价460元和田玉吊坠+银项链,千年珠宝套餐·:环环相扣钻石项链 ,79.0
直播秒杀【张府园地铁站】仅9.9元抢原价33元柒也家招牌手打虾滑1份+鳕鱼滑1份，享受吃虾滑的快乐~,,9.9
【常发广场】39元抢原价396元OVBBESS生活馆美甲美睫套餐，纯色美甲（可跳2色）+美睫一次(120根），在这里回归元气仙女！,,39.0
【限江浙沪皖包邮】69元抢原价128元榴莲泡泡（30克*18粒）一盒，晶莹剔透的饼皮，包裹着沉甸甸的榴莲果肉，让你幸福到冒泡泡,,69.0
直播秒杀【水西门大街】仅59元抢原价256元羊老爷羊肉锅 2-3人套餐！羔羊卷，手切羊肉，乌鸡卷，鸭血，墨鱼丸......朋友聚餐的绝佳选择~,,59.0
【百家湖地铁站旁】88/169元抢原价228/456元水秀苑大酒店单人/双人自助餐，新西兰青口、阿拉斯加蟹脚、花蟹、海螺  毛蟹、皮皮虾、生蚝、扇贝...  霸气开场，分分钟吃回本！,自助:B套餐 双人自助,169.0
【河西万达商圈】解放铲屎官的双手！仅19.9元抢门市价102元HelloMeow猫猫SPA套餐！专业耐心对待每一只猫猫！,,19.9
【全国包邮】仅59元抢门市价220元德沃仕 焖烧壶焖烧保温保鲜三色随机发BS-203 500ml，不用火，不用电，美味佳肴随手成。,,59.0
【百家湖地铁站旁】88/169元抢原价228/456元水秀苑大酒店单人/双人自助餐，新西兰青口、阿拉斯加蟹脚、花蟹、海螺  毛蟹、皮皮虾、生蚝、扇贝...  霸气开场，分分钟吃回本！,自助:A套餐 单人自助 ,88.0
【宁来汤】江广创艺工场|叮咚~快来领取专属你的秋日小温暖！19.9元单人浴资门票！来一场正宗的韩式汤泉之旅！ ,,19.9
【茶薇甜|秦淮区】9.9元双人套餐！超多口味让你挑选！奶与茶相融合，解馋又解腻！,,9.9
【全国包邮】19.9元抢原价29.9元小养冰淇淋吐司（420g/箱）/西瓜吐司（500g/箱），软润细腻的吐司，早餐下午点心安排上,小养吐司:冰淇淋吐司 ,19.9
【芭提小筑|两店通用】仅118/218元享原价388元/668元泰式按摩套餐，泰式环境大气精美，技艺精湛舒适身心，墙裂推荐给大家,芭提小筑: 泰式古方按摩 ,118.0
【双十一特惠.全国包邮|香奈儿】仅158元抢原价330元香奈儿炫亮魅力口红1支！9款色号任选其一，知名大牌口红，精致女孩儿怎么能没有一支~,,158.0
【全国包邮】19.9元抢原价29.9元小养冰淇淋吐司（420g/箱）/西瓜吐司（500g/箱），软润细腻的吐司，早餐下午点心安排上,小养吐司:西瓜吐司,19.9
【全国60多家民宿通用|免押金订房】仅788元抢原价1288元何所忆民宿卡！ 不限次数，不限房型，不限时间，无需押金！,,788.0
【建邺区|万达】仅39元抢门市价724元想de美美容套餐，仅49元抢门市价794元想de美养生套餐，送你一份美丽/健康大礼每个女孩都值得拥有~,想DE美:美容套餐 ,39.0
【两店通用】29.9元抢门市价1720元圣梦亲体美肤套餐，68元抢门市价860元圣梦亲体养生套餐，养护身体、精致面容从内而外为你的健康美丽事业护航,圣梦:美容套餐 ,29.9
【六朝鸭业|夫子庙】39.9元抢原价79元现做3斤老卤鸭 ，南京老字号特产经营单位，做你爱吃的鸭！,,39.9
【两店通用】29.9元抢门市价1720元圣梦亲体美肤套餐，68元抢门市价860元圣梦亲体养生套餐，养护身体、精致面容从内而外为你的健康美丽事业护航,圣梦:养生套餐,68.0
【千年珠宝|江苏27店通用】79元抢原价199元环环相扣钻石项链，89元抢原价289元四叶草水晶玛瑙项链，99元抢原价460元和田玉吊坠+银项链,千年珠宝套餐·:四叶草水晶玛瑙项链,89.0
【两店通用】仅99元抢原价325元炉子旁烤肉2-3人餐！六款火爆肉食+裙带菜汤+酱料+气泡水3杯！网红烤肉盛宴等你来打卡~,,99.0
【老鼓楼鸡鸣汤包/夫子庙店】26.8元抢原价122元家庭套餐！鸡汁汤包+鸭血粉丝汤+赤豆酒酿元宵或桂花糖芋苗，百年老店，不忘初心，品味最熟悉的老味道！,,26.8
【超长使用期 周末通用】仅178元限时抢购门市价436温泉二次卡：苏州乐园四季悦温泉、嘉兴云澜湾温泉、张家港金凤凰温泉等六大温泉~ ,,178.0
预售【高淳金沙水城】29.9元抢原价59元单人浴资+自助餐，159元抢原价199元普通按摩+单人浴资+自助餐，179元抢原价219元金牌按摩+单人浴资+自助餐,金沙水城 套餐: A套餐 单人浴资 自助餐 ,29.9
【新街口莱迪】9.9元抢原价15元陈记超值套餐，陈记秘制老长沙臭豆腐+里脊串，还不赶紧安排上去打卡哦~~,,9.9
【南京温泉】499元抢原价1588元汤山一品双人温泉度假套餐！温泉3选1！2大1小！周末不加价！免费双早！入冬的仪式感，温泉安排！,,499.0
【双店同庆，无需预约】一条能唤醒你味蕾的鱼~85元购门市价249元【藤娇&旺鱼】烤鱼套餐！湄公鱼泡饼 、花甲 、黄豆芽 、土豆片 、金针菇 、娃娃菜 、冰粉2份 、酸梅汁一扎,,85.0
【棒约翰】【南京两店通用】69.9元抢门市价197元2-3人餐【9寸比萨】5选1+【主食】3选1+【小食】4选1+【饮品3选3】可复选，无限续杯,,69.9
【小咩茶·羊乳奶茶】石鼓路店|一家有魔力的饮品店！呆萌可爱的小咩羊，一秒戳中少女心！9.9元双人饮品套餐！草莓柠檬冰+奶盖乌龙… ,,9.9
【新街口印象汇|追光映像】仅39元享门市价668元儿童摄影套餐！1对1专业化妆造型3组+3组服装+3组造型.（60-80张）+5张精修6寸单片..,,39.0
【高淳金沙水城】29.9元抢原价59元单人浴资+自助餐，159元抢原价199元普通按摩+单人浴资+自助餐，179元抢原价219元金牌按摩+单人浴资+自助餐,金沙水城 套餐: A套餐 单人浴资 自助餐 ,29.9
直播秒杀【无需预约·南京水沐秦淮足道】养生，从足疗开始~仅需39.9元即可享门市价168元足疗套餐，60分钟足疗+饮品（6选1）+四格小吃【红茶、绿茶、大麦茶、 可乐、雪碧、矿泉水+：水果1份+小食3份】,,39.9
【苏蜀传奇旋转小火锅】单人自助火锅+自助烧烤+饮料+冰激凌+水果，29.9元随便吃！这个老板到底闹哪样？超多菜品等你来解锁，还不来盘！,,29.9
直播秒杀【双店同庆，无需预约】一条能唤醒你味蕾的鱼~59元购门市价249元【藤娇&旺鱼】烤鱼套餐！湄公鱼泡饼 、花甲 、黄豆芽 、土豆片 、金针菇 、娃娃菜 、冰粉2份 、酸梅汁一扎,,59.0
【优酷VIP会员】78元抢原价198元优酷会员年卡，海量大片+无广告+高清视听体验…还能探班爱豆！宅家看剧必备~会员抢先看正片,,78.0
直播秒杀【新街口莱迪】6.9元抢原价15元陈记超值套餐，陈记秘制老长沙臭豆腐+里脊串，还不赶紧安排上去打卡哦~~,,6.9
直播秒杀【两店通用】仅69元抢原价325元炉子旁烤肉2-3人餐！六款火爆肉食+裙带菜汤+酱料+气泡水3杯！网红烤肉盛宴等你来打卡~,,69.0
直播秒杀【河西万达商圈】解放铲屎官的双手！仅12.9元抢门市价102元HelloMeow猫猫SPA套餐！专业耐心对待每一只猫猫！,,12.9
【丸龟制面】新街口|年终钜惠！温暖整个冬季！39.9元抢门市价90元双人套餐！风靡世界各地的丸龟制面来袭！ ,,39.9
【无需预约·南京水沐秦淮足道】养生，从足疗开始~仅需59.9元即可享门市价168元足疗套餐，60分钟足疗+饮品（6选1）+四格小吃【红茶、绿茶、大麦茶、 可乐、雪碧、矿泉水+：水果1份+小食3份】,,59.9
【高淳金沙水城】29.9元抢原价59元单人浴资+自助餐，159元抢原价199元普通按摩+单人浴资+自助餐，179元抢原价219元金牌按摩+单人浴资+自助餐,金沙水城 套餐: C套餐 金牌按摩 单人浴资 自助餐,179.0
【全国包邮】仅29.9元抢门市价119元形象美 洗护浴三件套血橙沐浴乳一瓶550ML，生姜洗发水一瓶300ML，生姜护发水一瓶300ML ,,29.9
【全国包邮】仅23.9元抢购门市价59元50片暖身贴（暖宫贴/暖心贴/暖宝宝），寒冷秋冬，驱寒暖宫。,,23.9
【西鱿伏腰|石头城】新晋网红店！人均不到20元！39.9元抢门市价180元西鱿伏腰双人堂食套餐！,,39.9
【高淳金沙水城】29.9元抢原价59元单人浴资+自助餐，159元抢原价199元普通按摩+单人浴资+自助餐，179元抢原价219元金牌按摩+单人浴资+自助餐,金沙水城 套餐: B套餐 普通按摩 单人浴资 自助餐,159.0
【小猪查理】北门桥|火爆北上广的小猪！带上你256G的胃！吃到扶墙出！129元抢午/晚市通用双人自助！选用四川凉山走地小香猪！ ,,129.0
【仙鹤街|佰年足道】69元抢原价188元经典足疗套餐，99元抢原价268元超值SPA套餐，低头族必囤~,佰年足道套餐:A套餐：足疗套餐 ,69.0
【仙鹤街|佰年足道】69元抢原价188元经典足疗套餐，99元抢原价268元超值SPA套餐，低头族必囤~,佰年足道套餐:B套餐：SPA套餐,99.0
【五店通用】仅45/69抢门市价108/168元Care one5寸/6寸动物奶油蛋糕，多种样式可选，超实惠！,蛋糕:B套餐 6寸蛋糕,69.0
【全国包邮除偏远地区】49.9元抢4大罐原价109元海于唱盐焗虎皮腰果，丰富营养，补充体能，健胃利脾~ 大人小孩全家适合，咸香松脆，越吃越香的健康小零食~~,,49.9
直播秒杀【仙鹤街|佰年足道】49元抢原价188元经典足疗套餐，低头族必囤~,,49.0
【爱奇艺】16.9元抢原价25元爱奇艺黄金会员月卡，免广告，更流畅！多看6集，畅享高清影视！,,16.9
【全国通用】仅58元抢价值1000元寄居蟹民宿体验卡Plus（单次），可连住2晚中端/1晚高端，新老客户都可使用！全国105+家精品民宿任你选，快来一次说走就走的旅行~,,58.0
【鼓楼|巷陌繁花酒吧】酒吧中的王炸来了！19.9元=门市价310元12瓶啤酒+2份坚果，/莫吉托一扎/长岛冰茶一扎二选 一+ 干果2份 。29.9元抢门市价416元欧卡尼香槟一支+精美果盘一份 带你嗨翻整个长夜！！！,巷陌繁花酒吧:B套餐：,19.9
直播秒杀【全国通用】仅38元抢价值1000元寄居蟹民宿体验卡Plus（单次），可连住2晚中端/1晚高端，新老客户都可使用！全国105+家精品民宿任你选，快来一次说走就走的旅行~,,38.0
【大行宫1912街区•无需预约】可喝酒可烤肉的网红火锅来啦！9.9元抢购100元黑龙吃肉酒馆代金券一张，一站式体验酒吧+火锅的双重快乐！,,9.9
【全国包邮】【中华老字号东来顺羔羊蝎子 | 百年品牌清真食品 】福利价59元=门市价272元【东来顺秘制精选羊蝎子（五香）】百分百保证 ,东来顺羊蝎子:B：两袋,99.0
【鼓楼|巷陌繁花酒吧】酒吧中的王炸来了！19.9元=门市价310元12瓶啤酒+2份坚果，/莫吉托一扎/长岛冰茶一扎二选 一+ 干果2份 。29.9元抢门市价416元欧卡尼香槟一支+精美果盘一份 带你嗨翻整个长夜！！！,巷陌繁花酒吧:A套餐： ,19.9
【小龙坎麻辣小火锅超值来袭！火锅界人气王！】仅39.9元=3盒！享门市价79元三盒即食小火锅！精选食材搭配醇香牛油，随时随地畅享麻辣鲜香、爽爆味蕾的地道成都火锅！,,39.9
【五店通用】仅45/69抢门市价108/168元Care one5寸/6寸动物奶油蛋糕，多种样式可选，超实惠！,蛋糕:A套餐 5寸蛋糕 ,45.0
【鼓楼|巷陌繁花酒吧】酒吧中的王炸来了！19.9元=门市价310元12瓶啤酒+2份坚果，/莫吉托一扎/长岛冰茶一扎二选 一+ 干果2份 。29.9元抢门市价416元欧卡尼香槟一支+精美果盘一份 带你嗨翻整个长夜！！！,巷陌繁花酒吧:C套餐：,29.9
直播秒杀【苏蜀传奇旋转小火锅】单人自助火锅+自助烧烤+饮料+冰激凌+水果，22.9元随便吃！这个老板到底闹哪样？超多菜品等你来解锁，还不来盘！,,22.9
【全国包邮】【中华老字号东来顺羔羊蝎子 | 百年品牌清真食品 】福利价59元=门市价272元【东来顺秘制精选羊蝎子（五香）】百分百保证 ,东来顺羊蝎子:A：一袋  ,59.0
【小龙坎江宁区新亭西路店】仅159元抢原价357元3-4人餐，锅底+精品肥牛+精品千层肚+精品巴沙鱼+水晶鸭肠+鸭血+撒尿牛丸+蟹柳花+...,,159.0
【全国包邮】仅38元抢门市价68元川娃子蒜蓉酱/蒜蓉剁椒酱，蒜蓉酱原味*2+剁椒*2 （240g/瓶），整整四瓶。,,38.0
【财叔食尚馆】马府西街|57元烧鸡公双人套餐！鲜嫩多汁的鸡肉搭配上多种配菜！喊上小伙伴一起大口吃肉吧！ ,,57.0
【金轮国际广场】仅19.9元抢门市价720元千俪佳美美容养生套餐，面部SPA活水注氧1次， 冬季龙脊升阳2次， 中医经络减肥3次，超级划算！ ,,19.9
【河西万达】仅88元购门市价346元【禾食·鲍鱼鸡】2人餐！太湖竹荪农家走地鸡半只+美国肥牛+潮州手打牛肉滑+有机蔬菜拼盘+水果嫩玉米+美味特色泡萝卜+无锡油面筋 +...,,88.0
【汕头直发·京东冷链·全国包邮】正宗手打潮汕牛肉丸~仅79元抢3斤潮汕牛肉丸&牛筋丸套餐，送一包沙茶 +一包蒜头酥+一包辣皇酱！Q弹爽口，柔韧鲜嫩，是你不可错过的美味~,,79.0
【 自嗨锅 | 半个娱乐圈明星都在吃！月销高达50万+！】仅49.9元起=门市价99元的【自嗨锅人气煲仔饭组合4盒】,,49.9
【三层防护口罩】22.9元抢原价79元50个装成人三层防护口罩，三层防护有效过滤！,,22.9
【遇见小面】南京3店通用|这碗月销10W+的豌杂面，你一定不能错过！48元抢门市价98元的双人餐！在金陵遇见重庆小面！ ,,48.0
39元抢购《断舍离》，全新断舍离，不止物品整理，浓缩18年断舍离践行推广经验，理论+实践全面升级,,39.0
【 地铁4号线龙江地铁站附近】仅29.9/49.9元抢原价79/118元百年澡堂单人/亲子洗浴+水果/饮料自助休闲娱乐，健康养生，好评5颗星，强烈推荐你！,百年澡堂:单人套餐 ,29.9
【全国通用】24.9元抢门市价33元肯德基老北京鸡肉卷两份，性价比超高，还在等啥？赶紧抢啊！,,24.9
【全国通用】17.9元抢门市价25元肯德基脆皮原味鸡两份，性价比超高，还在等啥？赶紧抢啊！,,17.9
【全国包邮】仅26.9元抢门市价39元奇亚籽谷物酸奶果粒麦片420克*2袋 ，五选 二 ，低温烘培非油炸，香脆不上火。,,26.9
【全国包邮】79元抢原价169元海底捞底料组合套餐（赠海底捞不锈钢鸳鸯锅1个），把海底捞的锅底搬回家，撑起一片火锅世界！,,79.0
直播秒杀【河西万达】仅69元购门市价346元【禾食·鲍鱼鸡】2人餐！太湖竹荪农家走地鸡半只+美国肥牛+潮州手打牛肉滑+有机蔬菜拼盘+水果嫩玉米+美味特色泡萝卜+无锡油面筋 +...,,69.0
直播秒杀【五店通用】仅29.9元抢门市价108元Care one5寸动物奶油蛋糕，多种样式可选，超实惠！,,29.9
直播秒杀【 地铁4号线龙江地铁站附近】仅19.9元抢原价79元百年澡堂单人洗浴+水果/饮料自助休闲娱乐，健康养生，好评5颗星，强烈推荐你！,,19.9
【江宁区金箔路/碉堡烤鱼】仅88元抢原价208元特惠双人餐，烤鱼一条约3斤+配菜4个+热饮一扎+米饭2份！辛香麻辣的烤鱼，快约上朋友一起去~,,88.0
【爆品返场 | 500万+宝妈强推舒宁电动牙刷 | 买一送一】仅29.9元购官网价178元【舒宁智能声波电动牙刷】成人款儿童款，4色选配，2个机身+4个刷头+2个牙膏+2个电池,牙刷:成人款黑/白 儿童款紫/蓝,29.9
【洪武记·贵州黄牛肉火锅】中山东路|138元3~4人火锅套餐！阴雨绵绵的季节，zui适合吃一顿热乎乎的牛肉火锅啦！爆款惊喜返场！ ,,138.0
【爆品返场 | 500万+宝妈强推舒宁电动牙刷 | 买一送一】仅29.9元购官网价178元【舒宁智能声波电动牙刷】成人款儿童款，4色选配，2个机身+4个刷头+2个牙膏+2个电池,牙刷:成人款黑 成人款白 ,29.9
【预售|泰合玺夫子庙夫子庙水游城，尧化门金地广场，马群花园城3店通用】88/168/188元享泰式按摩套餐，让你远离喧嚣，卸下疲惫！,泰合玺.:C套餐： 泰式精油 SPA（60分钟）,188.0
【 地铁4号线龙江地铁站附近】仅29.9/49.9元抢原价79/118元百年澡堂单人/亲子洗浴+水果/饮料自助休闲娱乐，健康养生，好评5颗星，强烈推荐你！,百年澡堂:亲子套餐 ,49.9
【建邺区•黄山路】爱犬福利给你送到手~限时19.9元抢门市价69元【Pet ear宠物沙龙】宠物狗狗洗护套餐,,19.9
【纽斯汗蒸】嘉勒彼广场 | 58元抢原价129元单人浴资券1张，寒冬来袭汗蒸安排上，一起来感受这份惬意与幸福吧！,,58.0
【全国包邮】9.9元抢原价19元精益嘉沙琪玛12根（6种口味/箱），丰富不单调，给您更多的味蕾享受~,,9.9
【全国包邮】59.9元抢原价109元时尚印花1.8米床四件套，109元抢原价199元新疆长绒棉1.8米床四件套，多种花色可选，换季必备,火烈鸟四件套:A套餐：时尚印花1.8米床四件套 ,59.9
【珠江路地铁口 炭火美蛙双人餐】仅88元抢门市价216元双人套餐，炭火美蛙五选一+随机配菜4种+酸梅汤一扎+2份米饭,,88.0
【全国包邮】59.9元抢原价109元时尚印花1.8米床四件套，109元抢原价199元新疆长绒棉1.8米床四件套，多种花色可选，换季必备,火烈鸟四件套:B套餐：新疆长绒棉1.8米床四件套,109.0
【鼓楼世茂滨江】喝正宗海南椰子鸡汤！88元抢原价216元海南特色椰子鸡2-3人餐，清远鸡一只+椰青+红糖糍粑+矿泉水+6种青菜！一锅用椰汁和恒大冰泉煮出来的高逼格鸡汤,,88.0
【两店通用】仅39元抢门市价88元Care one2寸动物奶油戒指蛋糕，简简单单  表达更好的爱，仪式感满满 ，为幸福增添一抹色彩~,,39.0
直播秒杀【两店通用】仅29.9元抢门市价88元Care one2寸动物奶油戒指蛋糕，简简单单  表达更好的爱，仪式感满满 ，为幸福增添一抹色彩~,,29.9
【预售|泰合玺夫子庙夫子庙水游城，尧化门金地广场，马群花园城3店通用】88/168/188元享泰式按摩套餐，让你远离喧嚣，卸下疲惫！,泰合玺.:A套餐： 泰式半身按摩（30分钟） ,88.0
【口渴了|19店】11.9元双人饮品套餐！酝酿了一个春夏的时间，带来清新百香雪梨茶！沁甜爽口，喝了就爱上,,11.9
【珠江路地铁口 重庆火椒鱼】仅88元抢门市价216元双人套餐，炭火美蛙五选一+随机配菜4种+酸梅汤一扎+2份米饭,,88.0
【炙久家烤肉】吾悦广场|金陵老牌烤肉店，7层网红阶梯烤肉来袭，肉肉满满吃到爽！99元2～3人烤肉套餐！空运自澳洲的和牛烤肉,,99.0
【预售|泰合玺夫子庙夫子庙水游城，尧化门金地广场，马群花园城3店通用】88/168/188元享泰式按摩套餐，让你远离喧嚣，卸下疲惫！,泰合玺.:B套餐： 泰式古方按摩（60分钟）,168.0
直播秒杀【全国通用】19.9元抢门市价33元肯德基老北京鸡肉卷两份，性价比超高，还在等啥？赶紧抢啊！,,19.9
【玄武诺富特酒店|自助餐】仅128元抢门市价228元一大一小自助餐，自助餐重磅升级 三文鱼又回来啦！ 品种繁多，口味丰富 红柳枝烤羊肉、碳烤生蚝、香辣冷串 花式美味，期待您的品鉴,,128.0
直播秒杀【小龙坎麻辣小火锅超值来袭！火锅界人气王！】仅29.9元=3盒！享门市价79元三盒即食小火锅！精选食材搭配醇香牛油，随时随地畅享麻辣鲜香、爽爆味蕾的地道成都火锅！,,29.9
直播秒杀【珠江路地铁口|重庆火椒鱼】仅69元抢门市价216元双人套餐，炭火美蛙五选一+随机配菜4种+酸梅汤一扎+2份米饭,,69.0
【新街口|泰式按摩】仅99元抢原价338元泰式古方按摩！128元抢原价418元泰式精油按摩，99元抢198元芳养生按摩：淋巴排毒/头疗/肾保养/卵巢保养，四选 一,泰留莲泰式SPA/养生套餐:B套餐： 泰式精油按摩,128.0
直播秒杀【全国包邮】仅19.9元抢门市价39元奇亚籽谷物酸奶果粒麦片420克*2袋 ，五选 二 ，低温烘培非油炸，香脆不上火。,,19.9
【高淳金沙水城】39.9元抢原价59元单人浴资+自助餐，各种特色沐浴及休闲娱乐设施，让你吃喝玩乐一条龙，随性的放松自己,,39.9
【全国包邮】仅16.9元抢门市价25元黄山烧饼15个/袋*2 ，25.9元抢4袋，买4袋更划算，色泽金黄诱人，形如蟹壳，满口留香。,黄山烧饼:B套餐：15个/袋*4,25.9
【鼓楼世茂滨江】喝正宗海南椰子鸡汤！88元抢原价278元海南特色椰子鸡2-3人餐，清远鸡一只+椰青+红糖糍粑+矿泉水+6种青菜！一锅用椰汁和恒大冰泉煮出来的高逼格鸡汤,,88.0
【全国包邮|网红小零食】仅25.9元抢门市价38元雪花酥两袋，39.9元抢门市价76元雪花酥四袋！200g/袋， 好吃到停不下来！！    奶香味浓 入口香酥 ，大人、 小孩都可以吃哦~,雪花酥:B套餐：200g/袋*4,39.9
【谷兰语】天元东路|有音乐有酒有故事！29.9元抢门市价297元2-3人小吃啤酒简餐！繁花似锦、灯火阑珊  文艺的环境+醇香的美酒~  醉人的歌声+诱人的美食,,29.9
【桥北弘阳时代中心】仅39.9元抢门市价696元镜面皮肤管理美甲套餐，纯色美甲、皮肤检测、肌肤吸尘器一次，你身边值得信赖的美肤管理大咖,,39.9
【全国包邮】仅16.9元抢门市价25元黄山烧饼15个/袋*2 ，25.9元抢4袋，买4袋更划算，色泽金黄诱人，形如蟹壳，满口留香。,黄山烧饼:A套餐：15个/袋*2 ,16.9
【全国通用】17.9元抢门市价25元肯德基原味鸡两份，性价比超高，还在等啥？赶紧抢啊！,,17.9
【好特卖河西万达店】好吃点曲奇礼盒、小肥羊藤娇小酥肉、皇冠曲奇、好时巧克力...各种品牌好物，超低价格通通带回家,好特卖:净安洗衣液2.2kg,9.6
【近天印大道地铁站|北京烤鸭店】78元享门市价310元双人套餐，138元门市价480元4人套餐，北京烤鸭、白灼大虾、清蒸白鱼....,烤鸭:A套餐 双人套餐 ,78.0
【每日坚果】八种全球甄选坚果果干，仅39.9元=门市价139元【干趣每日坚果1箱30包】！科学配比，营养均衡；低温烘烤工艺，保留坚果营养.,,39.9
直播秒杀【玄武诺富特酒店|自助餐】仅99元抢门市价228元一大一小自助餐，自助餐重磅升级 三文鱼又回来啦！ 品种繁多，口味丰富 红柳枝烤羊肉、碳烤生蚝、香辣冷串 花式美味，期待您的品鉴,,99.0
【近天印大道地铁站|北京烤鸭店】78元享门市价310元双人套餐，138元门市价480元4人套餐，北京烤鸭、白灼大虾、清蒸白鱼....,烤鸭:B套餐 四人套餐,138.0
【新街口|泰式按摩】仅99元抢原价338元泰式古方按摩！128元抢原价418元泰式精油按摩，99元抢198元芳养生按摩：淋巴排毒/头疗/肾保养/卵巢保养，四选 一,泰留莲泰式SPA/养生套餐:A套餐：泰式古方按摩 ,99.0
【鼓楼/美容养生】39元抢原价2176元千禧美容养生套餐，面部小V脸 ，眼部小熨斗，巨补水，单色美甲‘让你用最便宜的价格享受一次顶级的美容养生服务！,,39.0
【年产20w吨＋袁隆平 汪涵等强烈推荐 | 湖南长寿之乡长寿果 麻阳冰糖橙】仅29.9元尝鲜价=门市价68元冰糖橙 10斤大果装，甜似冰糖的彩箱大果！现摘现发，从果园到舌尖，一步到胃！,,29.9
【全国包邮】仅198元抢门市价408元味艮浓苹果酒500ml* 6瓶/箱 ，微醺之美富硒苹果酒，萃取烟台苹果精华。,,198.0
直播秒杀【全国包邮】19.9元抢黄山烧饼4袋，色泽金黄诱人，形如蟹壳，满口留香。,,19.9
【全国包邮】仅39.9元抢门市价119元盐焗手剥巴旦木*4罐 ，49.9元抢6罐，买6罐更划算，轻轻一捏即享美味，果皮极薄，满口留香。,巴旦木:B套餐：巴旦木6罐,49.9
直播秒杀【百家湖地铁站旁】69元抢原价228元水秀苑大酒店单人自助餐，霸气开场，分分钟吃回本！超多种类 带着plus胃去，一次吃个够！,,69.0
【随处旅行】9.9元抢588元酒店会员卡，全国住酒店2-9折，还有机会免费住希尔顿、洲际！,,9.9
直播秒杀【全国包邮】仅99元抢门市价408元味艮浓苹果酒500ml* 6瓶/箱 ，微醺之美富硒苹果酒，萃取烟台苹果精华。,,99.0
【全国包邮】仅49.9元抢门市价79元云南腾药牙龈修复牙膏，组合套装（冬青100g+留兰90g+绿茶120g+留兰25g+留兰25g）,,49.9
【全国包邮】仅39.9元抢门市价119元盐焗手剥巴旦木*4罐 ，49.9元抢6罐，买6罐更划算，轻轻一捏即享美味，果皮极薄，满口留香。,巴旦木:A套餐：巴旦木4罐 ,39.9
直播秒杀【鼓楼世茂滨江】喝正宗海南椰子鸡汤！69元抢原价278元海南特色椰子鸡2-3人餐，清远鸡一只+椰青+红糖糍粑+矿泉水+6种青菜！一锅用椰汁和恒大冰泉煮出来的高逼格鸡汤,,69.0
直播秒杀【森林摩尔】仅39元抢购原价154元辣味颂双人套餐，锅底+牛蛙4只+嫩爽鸭血+娃娃菜+玫瑰冰粉2份+特制酸梅汁，香气四溢、辣而不燥~,,39.0
【河西万达，河西金鹰世界2店通用】99元享门市价151元【蓉李记穿巷成都名小吃】2~3人烤鱼！香辣烤鱼+口水鸡+鸡丝凉面+老成都炒饭+柠檬红茶+草堂乌梅饮,,99.0
【天目湖】仅499元抢门市价699元御水温泉双人自由行，斯维登精品度假公寓典雅房/格林东方酒店高级房两大酒店任选一家，精美自助早餐2份，天目湖御水温泉成人门票2张。,,499.0
【中央商场】1.9元SEVENBUS全场饮品任选一杯！南京首次发车！100杯饮品任你挑，承包整个冬天,,1.9
【4店通用|蓉李记穿巷成都名小吃】仅66元购门市价91元2~3人小吃套餐！老成都臊子酸辣粉+宜宾燃面+狼牙土豆+荣城小笼包+蜜桃乌龙+草堂乌梅,,66.0
【全国包邮】49.9元抢原价64元修正足浴包1袋（30包），特质草本配方，暖灸肤底畅达全身~,,49.9
【全国包邮除偏远地区】49.9元购门市价199元【榴小姐六拼千层套餐】，包装冷链全新升级！一切只为给您最好的美食体验！六种不同口味千层+四种口味班戟！,,49.9
【新街口|泰式按摩】仅99元抢原价338元泰式古方按摩！128元抢原价418元泰式精油按摩，99元抢198元芳养生按摩：淋巴排毒/头疗/肾保养/卵巢保养，四选 一,泰留莲泰式SPA/养生套餐:C套餐： 养生按摩,99.0
【全国包邮|网红小零食】仅25.9元抢门市价38元雪花酥两袋，39.9元抢门市价76元雪花酥四袋！200g/袋， 好吃到停不下来！！    奶香味浓 入口香酥 ，大人、 小孩都可以吃哦~,雪花酥:A套餐：200g/袋*2 ,25.9
【全国包邮】仅26.9元抢购门市价59元50片暖身贴，寒冷秋冬，驱寒暖宫。,,26.9
【江宁|诚信大道】仅98元享门市价298元【鲜牛社】2-3人餐烤涮一体火锅！，168元享门市价516元4人烤涮一体火锅套餐，超多肉肉，吃到扶墙出~,鲜牛社火锅:A套餐 ,98.0
【百家湖地铁站旁】99元抢原价228元水秀苑大酒店单人自助餐，霸气开场，分分钟吃回本！超多种类 带着plus胃去，一次吃个够！,,99.0
【樱璐吉日式料理】118元抢门市价494元3人餐！集庆路|日料控必扫！穿越小东京！纯日式风格，1:1复刻传统居酒屋！,,118.0
【江宁|诚信大道】仅98元享门市价298元【鲜牛社】2-3人餐烤涮一体火锅！，168元享门市价516元4人烤涮一体火锅套餐，超多肉肉，吃到扶墙出~,鲜牛社火锅:B套餐,168.0
直播秒杀【河西万达，河西金鹰世界2店通用】69元享门市价151元【蓉李记穿巷成都名小吃】2~3人烤鱼！香辣烤鱼+口水鸡+鸡丝凉面+老成都炒饭+柠檬红茶+草堂乌梅饮,,69.0
【全国包邮】仅188元抢门市价360元雪花秀润燥精华 90ml/支，秋冬的安身立命之本！,,188.0
直播秒杀【4店通用|蓉李记穿巷成都名小吃】仅49元购门市价91元2~3人小吃套餐！老成都臊子酸辣粉+宜宾燃面+狼牙土豆+荣城小笼包+蜜桃乌龙+草堂乌梅,,49.0
直播秒杀！！【玄武诺富特酒店|自助餐】仅99元抢门市价228元一大一小自助餐，自助餐重磅升级 三文鱼又回来啦！ 品种繁多，口味丰富 红柳枝烤羊肉、碳烤生蚝、香辣冷串 花式美味，期待您的品鉴,,99.0
直播秒杀【全国包邮】仅99元抢门市价438元味艮浓冰酒， 220ml* 2支，礼盒装。来自大自然的馈赠。,,99.0
【德盈国际广场】仅39元抢原价3240元L.SPA美容美甲套餐： 面部补水/面 部深层清（二选 一）、 胸部腺体疏通 、 淋巴排毒、 暖巢保养 、纯色美甲/单部位脱毛（二选 一）、 肩颈月卡不限次 ，超多项目，让你从头美到指尖~,,39.0
直播秒杀【全国包邮】35元抢原价64元修正足浴包1袋（30包），特质草本配方，暖灸肤底畅达全身~,,35.0
【修身堂|万达广场】58元抢原价778元修身堂养生套餐，寒冷冬日养生休闲安排上~,,58.0
【世茂52+】仅9.9元抢门市价499元美之裕美容美肤套餐：小气泡1次 水氧活肤1次 面部SPA1次 红蓝光1次 四选 二 ,,9.9
【回味|76店通用】32.9元抢单人套餐劵（招牌鸭血粉丝汤）3张！始于1996！行走的南京老味道！,,32.9
【四店通用|爱啃猪蹄】仅199元抢门市价398元爱啃猪蹄礼盒一份，含卤猪蹄2份，酱香牛肉一份，网红柠檬凤爪一份，纯手工香肠一份，秘制猪肘一份，黄金糕1袋。,,199.0
【家居必备丨全国包邮】仅29.9元享门市价99元【舒贝丫简约包头棉拖鞋4双】舒适自在，透气棉布料，EVA鞋底，细腻毛巾棉 ！,,29.9
【秦淮区/徐州烧烤小夫妻羊肉锅】仅88元抢原价229元，小夫妻现切羊肉锅一份，鸭血，青菜，粉丝，豆泡，年糕，豆芽，鸭头两只 ，让你吃到满足,,88.0
【四店通用|爱啃猪蹄】仅11.9元抢门市价20元 柠檬酸辣凤爪一份，19.9元抢门市价40元卤猪蹄一份（半只），开胃小菜一份，果汁一份。,网红柠檬凤爪/卤猪蹄套餐: 网红柠檬凤爪 ,11.9
【四店通用|爱啃猪蹄】仅11.9元抢门市价20元 柠檬酸辣凤爪一份，19.9元抢门市价40元卤猪蹄一份（半只），开胃小菜一份，果汁一份。,网红柠檬凤爪/卤猪蹄套餐:卤猪蹄套餐,19.9
【南京8店通用|轮库】~限时39.9元抢门市价550元的【轮库】洗车套餐，99元购门市价599元保养套餐，2次洗车春节期间也可用！,轮库:洗车套餐 ,39.9
【仙鹤街|佰年足道】78元抢原价238元泰式按摩套餐，忙碌了这么久，是时候对自己好一点啦！来这里放松筋骨、疏通经络,,78.0
【全南京配送】199元抢原价299元的单J级智利车厘子5斤装，宅家追剧小水果，圣诞节礼物！快安排起来吧！,,199.0
【新街口|大头儿子鲜奶吧】13.9=两杯奶茶 门市价35元冬季养生暖饮，红枣谷物玛奇朵，养颜桃胶奶茶，蜜桃乌龙，三选 二 ,,13.9
直播秒杀【四店通用|爱啃猪蹄】仅6.9元抢门市价20元 柠檬酸辣凤爪一份,,6.9
直播秒杀【全国包邮】仅35元门市价98元的美龄妈咪银耳红枣莲子羹15g*6包/盒*2；,,35.0
【经络堂养生套票12.25元抢限量30份】是时候给自己来一次全身放松啦！,,12.25
【天河路】仅10.9元抢原价15元三品黑鸭鸭脖（约四两），仅13.9元抢原价18元3个鸭头，层层叠加的味道和营养，连骨头都入味~,三品黑鸭.:C：鸭头鸭脖套餐,24.5
【恋尚哥老官重庆美蛙鱼头】58元代218元代金券1张！新街口|凭借一只特色牛蛙，制霸火锅风云榜！地道食材，来自重庆的美味砖家！,,58.0
直播限时秒杀【全国包邮】仅19.9元抢门市价49元朝暮食肆小海鲜大虾/扇贝，两种口味可选，麻辣味/迷人辣，二选 一，解馋不怕胖！,即食海鲜:A套餐：大虾 ,19.9
直播秒杀【四店通用|爱啃猪蹄】13.9元抢门市价40元卤猪蹄一份（半只），开胃小菜一份，果汁一份。,,13.9
【天河路】仅10.9元抢原价15元三品黑鸭鸭脖（约四两），仅13.9元抢原价18元3个鸭头，层层叠加的味道和营养，连骨头都入味~,三品黑鸭.:B：鸭头套餐,13.9
【河西万达、尧化金地店|呷哺呷哺】新店开业！9.9元抢50元代金券！除酒水饮料全场通用！开一家火一家的美味~,,9.9
【南京8店通用|轮库】~限时39.9元抢门市价550元的【轮库】洗车套餐，99元购门市价599元保养套餐，2次洗车春节期间也可用！,轮库:保养套餐,99.0
【全国包邮】仅49.9元抢门市价79元的君乐宝涨芝士啦常温酸奶一箱200g*12瓶，浓缩更多营养，老人也能喝  一场味觉的艺术盛宴开始了！,,49.9
【全国300+精品酒店免费住】仅668元抢“任享无限次-免费住酒店”随处·畅住卡1年使用期！超长使用期！全国有300多家精品酒店，不限次数！不限地区！不限房型！免费住~,,668.0
【4店通用，节假日通用，无需预约】仅69元享门市价113元【蓉李记穿巷成都名小吃】2~3人小吃套餐！重庆小面+老坛酸菜鱼+麻辣豆腐+米饭+军炖锅盔+草堂乌梅,,69.0
【和满楼】3店通用|29.8元抢门市价66元的双人早茶套餐！百忙中的“偷闲”时光！一起来体验地道的扬州早茶！美好的一天从一顿美味早茶开始,,29.8
【景枫/仙林两店通用/青瓦醉巷】168元享门市价468元火锅套餐！奔驰火锅锅底4选3+青瓦四宝（毛肚+鸭肠+黄喉+千层肚）+牛蛙+霜降肥牛+牛羊拼盘+手工虾滑+蟹肉花+...,,168.0
【尊宝比萨】南京7店|日销比萨62W+！49.9元抢门市价136元双人餐！火爆全国23年！,,49.9
【水西门大街 | 羊老爷】119元享门市价252元羊老爷双人套餐！原味羊汤锅、精品羊羔卷、手切羊肉、乌鸡卷、鸭血…,,119.0
【全国包邮】29.9元抢原价79元凡士林修护润唇膏2支，修护唇部，滋养保湿，冬日必备~,,29.9
【家的味道·经典流传丨全国包邮】四袋仅需39.9元=官方价99.9元的【迪雀大黄米汤圆】Q弹易消化，一颗汤圆一口汤，馅料饱满，金灿灿的黄米皮，散发的诱人的热气，多种做法，口感香糯营养价值丰富！,,39.9
【2店通用，无需预约，节假日通用】鱼你共享美味烤鱼！仅49.9享门市价89【蓉李记穿巷成都名小吃】2人烤鱼套餐！香辣烤鱼+川北凉粉+米饭 2份,,49.9
【全国包邮】仅29.9元抢门市价138元奶乐楂酸奶山楂球两罐，酸与甜的巧妙碰撞，美味妙不可言~！,,29.9
【龙眠大道地铁站】仅99元抢原价341元汉城山烤肉超值2-3人餐！降霜雪花牛肉+特味五花肉+锡盟羔羊+一品雪花培根+海苔手握饭+锡纸鱼豆腐+.....满满肉香福利，就等你来体验~,,99.0
【顺丰包邮】仅118元抢门市价198元顶诺整切西冷牛排，100g/片*10，赠刀叉一副+黑椒酱10袋，微微腌制，料理起来更省心~！,,118.0
【老门东】1345温泉会馆元旦特惠！单人12小时洗浴票，49元起！20种水果，40种饮品畅饮畅喝，等你来玩！,1345汗蒸温泉会馆.:12小时成人票 ,79.0
【全国包邮】仅9.9元抢门市价29元儿童口罩，20只装，三层防护有效过滤！儿童尺寸紧贴舒适~！！,,9.9
